Workbook

Sheet README CARA PAKAI
A1: ARTABOGA GATSU - WORKFLOW (BOBOT PEK = MASTER JADWAL)
A3: 1. ALUR DATA (siapa menentukan apa)
A4: RAB UPDATE = daftar pekerjaan + bobot + nilai (APA pekerjaannya). BOBOT PEK = salinan RAB sekaligus MASTER JADWAL (KAPAN dikerjakan). TS = referensi Time Schedule + kalender. RENCANA MINGGUAN = tampilan mingguan otomatis. CETAK RENCANA MINGGUAN = layout cetak. PDF = output final. Alur: RAB -> BOBOT PEK (jadwal) -> RENCANA MINGGUAN (filter minggu aktif) -> CETAK -> PDF.
A5: 2. MENGATUR JADWAL PEKERJAAN (SATU TEMPAT: BOBOT PEK)
A6: Buka sheet BOBOT PEK, geser ke kanan ke blok 'MASTER JADWAL PEKERJAAN' (kolom U ke kanan). Di baris subtotal tiap seksi, ubah START WEEK dan FINISH WEEK (sel kuning, dropdown 1-16). Jangan mengubah jadwal di sheet lain. DURASI, START DATE, FINISH DATE, GANTT (blok hitam di W1..W16), PROGRESS, STATUS = otomatis.
A7: 3. JADWAL AWAL (auto-fill dari TS)
A8: Saat pertama dibuat, START WEEK / FINISH WEEK diisi otomatis mengikuti jadwal yang sudah ada di TS/Time Schedule. User tinggal menyesuaikan bila kondisi lapangan berbeda (override manual).
A9: 4. PILIH MINGGU + CETAK
A10: Di sheet 'CETAK RENCANA MINGGUAN' pilih minggu pada kotak kuning B10. Tabel otomatis menampilkan hanya item yang aktif minggu itu (START WEEK <= minggu <= FINISH WEEK). Ctrl+P untuk cetak; PDF: scripts/generate_pdf.py (simpan file dulu, Ctrl+S).
A11: 5. MENGEDIT DATA PERENCANAAN (RENCANA MINGGUAN)
A12: Kolom D (uraian/sub item), K (volume), L (satuan), M (lokasi), N (PIC), P (catatan) = input manual (sel kuning). Kolom A (minggu) sebaiknya sesuai jadwal BOBOT PEK - baris di luar jadwal ditandai MERAH otomatis. Kolom E-J, O, Q = formula, jangan ditimpa.
A13: 6. TAMBAH / SISIP BARIS
... A22: - Angka tidak berubah: tekan F9. - Muncul '####': tarik tepi kolom. - Baris RENCANA merah: minggu baris itu di luar jadwal BOBOT PEK - ubah START/FINISH WEEK di BOBOT PEK atau pindahkan baris ke minggu yang sesuai. - Perlu minggu baru: tambahkan pilihan 'Minggu Ke-N' di Data Validation B10 CETAK.

Sheet RAB UPDATE
B1: PT Artaboga Cemerlang | G1: QUOTATION
B2: Kawasan Industri Candi Jl. Gatot Subroto No.1 | G2: Q-0009VI26 Rev4
B3: Purwoyoso, Kec. Ngaliyan, Kota Semarang | G3: Tanggal | H3: : 13 JULI 2026
B4: Pekerjaan Gudang Umum
B6: No | C6: Uraian Pekerjaan | D6: Spesifikasi | E6: Volume | F6: Sat. | G6: Harga satuan | H6: Jumlah harga | I6: Grand total | J6: Bobot pekerjaan
B8: A | C8: Pekerjaan Persiapan | K8: A | L8: Pekerjaan Persiapan
B9: 1 | C9: Pekerjaan Persiapan | D9: Termasuk Pembuatan Gudang | E9: 1 | F9: Is | G9: 20000000 | H9: =E9*G9 -> 20000000 | I9: 3908731694 | J9: =H9/I9*100 -> 0.51167493 | K9: 1 | L9: Pekerjaan Persiapan | O9: 1,00 | P9: 1300000 | Q9: 1300000
B10: 2 | C10: Pembersihan Lahan | E10: 1 | F10: Is | G10: 10000000 | H10: =E10*G10 -> 10000000 | I10: 3908731694 | J10: =H10/I10*100 -> 0.25583746 | K10: 2 | L10: Pembersihan Lahan | O10: 1,00 | P10: 5000000 | Q10: 5000000
B11: 3 | C11: Direksi Kit+Gudang Sementara | H11: =E11*G11 -> 0 | I11: 3908731694 | J11: =H11/I11*100 -> 0 | K11: 3 | L11: Skafolding dan Alat Bantu Pekerjaan | O11: 1,00 | P11: 2000000 | Q11: 2000000
B12: 4 | C12: Administrasi Lapangan | E12: 1 | F12: Is | G12: 5000000 | H12: =E12*G12 -> 5000000 | I12: 3908731694 | J12: =H12/I12*100 -> 0.12791873 | K12: 4 | L12: Biaya gambar | O12: 1,00 | P12: 1100000 | Q12: 1100000
B13: 5 | C13: Skafolding dan Alat Bantu Pekerjaan | D13: Sewa Skafolding 40 set Selama 2 bulan | E13: 1 | F13: Is | G13: 15000000 | H13: =E13*G13 -> 15000000 | I13: 3908731694 | J13: =H13/I13*100 -> 0.38375619
H14: =SUM(H8:H13) -> 50000000 | I14: 3908731694 | J14: =H14/I14*100 -> 1.2791873 | K14: B | L14: Pekerjaan Struktur - pondasi
B15: B | C15: Pekerjaan Area Gudang Umum+Gudang SPM Uk.46x54 M
B16: 1 | C16: Pekerjaan Bak Kontrol | D16: Rangka siku 40x40x3mm + besi beton | E16: 4 | F16: unit | G16: 650000 | H16: =E16*G16 -> 2600000 | I16: 3908731694 | J16: =H16/I16*100 -> 0.06651774
B17: 2 | C17: Pasang aluminium bubble dibawah atap+plat strip | D17: Aluminium bubble tebal 10 mm + plat strip 2mm x 3cm | E17: 2875 | F17: m² | G17: 120000 | H17: =E17*G17 -> 345000000 | I17: 3908731694 | J17: =H17/I17*100 -> 8.8263925
B18: 3 | C18: Pekerjaan finishing cat sisi luar samping dan belakang | D18: Cat dinding exterior ex. Dulux Catylac setara | E18: 1230 | F18: m² | G18: 57500 | H18: =E18*G18 -> 70725000 | I18: 3908731694 | J18: =H18/I18*100 -> 1.8094105
B19: 4 | C19: Pasang turbin ventilator 32" | D19: Turbin Ventilator 32 " | E19: 18 | F19: unit | G19: 2500000 | H19: =E19*G19 -> 45000000 | I19: 3908731694 | J19: =H19/I19*100 -> 1.1512686
B20: 5 | C20: Bongkar atap existing | D20: diganti bening | E20: 196 | F20: m² | G20: 25000 | H20: =E20*G20 -> 4900000 | I20: 3908731694 | J20: =H20/I20*100 -> 0.12536036
B21: 6 | C21: Pasang atap fiber bening | D21: Fiber bening ex. Clandianplast Setara | E21: 196 | F21: m² | G21: 143000 | H21: =E21*G21 -> 28028000 | I21: 3908731694 | J21: =H21/I21*100 -> 0.71706124
B22: 7 | C22: pekerjaan refinishing kanopi loading dock | D22: Cat Ftalit Royal Blue | E22: 290 | F22: m² | G22: 85000 | H22: =E22*G22 -> 24650000 | I22: 3908731694 | J22: =H22/I22*100 -> 0.63063935
B23: 8 | C23: Perbaikan loading dock | D23: Penambahan besi siku 70 x 70 mm | E23: 45 | F23: m | G23: 344500 | H23: =E23*G23 -> 15502500 | I23: 3908731694 | J23: =H23/I23*100 -> 0.39661203
B24: 9 | C24: Perbaikan dinding dan cat dinding loading dock | D24: Cat dinding exterior ex. Dulux Catylac setara | E24: 37 | F24: m | G24: 57500 | H24: =E24*G24 -> 2127500 | I24: 3908731694 | J24: =H24/I24*100 -> 0.05442942
B25: 10 | C25: Servis kebocoran pipa talang | E25: 1 | F25: ls | G25: 5200000 | H25: =E25*G25 -> 5200000 | I25: 3908731694 | J25: =H25/I25*100 -> 0.13303548
B26: 11 | C26: Cor ulang lantai gudang utama sisi pintu dalam (4mx5m) | D26: inc kupas, pembesian M8, cor | E26: 60 | F26: m² | G26: 1100000 | H26: =E26*G26 -> 66000000 | I26: 3908731694 | J26: =H26/I26*100 -> 1.6885273
B27: 12 | C27: Pembongkaran pintu rolling door | D27: inc buang | E27: 1 | F27: ls | G27: 2500000 | H27: =E27*G27 -> 2500000 | I27: 3908731694 | J27: =H27/I27*100 -> 0.063959366
B28: 13 | C28: Perapian kabel dalam gudang | D28: cable tray custom | E28: 54 | F28: m | G28: 360000 | H28: =E28*G28 -> 19440000 | I28: 3908731694 | J28: =H28/I28*100 -> 0.49734803
H29: =SUM(H16:H28) -> 631673000 | I29: 3908731694 | J29: =H29/I29*100 -> 16.160562
H30: =E30*G30 -> 0
B31: C | C31: PEKERJAAN AREA GUDANG PARKIR SISI SAMPING UK.4,75X37M | H31: =E31*G31 -> 0
B32: 1 | C32: Perbaikan atap existing | E32: 30 | F32: m² | G32: 40000 | H32: =E32*G32 -> 1200000 | I32: 3908731694 | J32: =H32/I32*100 -> 0.030700496
B33: 2 | C33: Pekerjaan bongkaran lantai paving block existing | D33: Termasuk pembuangan bekas bongkaran | E33: 105 | F33: m² | G33: 35000 | H33: =E33*G33 -> 3675000 | I33: 3908731694 | J33: =H33/I33*100 -> 0.094020268
B34: 3 | C34: Pekerjaan pasang rangka kolom dan atap area parkir + penutup + talang | D34: Rangka menggunakan besi CNP 100 double+talang+cat ftalit royal blue+atap zincalum 0,3 mm ex. Kencana | E34: 40 | F34: m² | G34: 275000 | H34: =E34*G34 -> 11000000 | I34: 3908731694 | J34: =H34/I34*100 -> 0.28142121
B35: 4 | C35: Pemasangan atap transparan di area tambahan | D35: polycarbonate transparan | E35: 14 | F35: m² | G35: 160000 | H35: =E35*G35 -> 2240000 | I35: 3908731694 | J35: =H35/I35*100 -> 0.057307592
B36: 5 | C36: Pemadatan dan peninggian lantai parkir | D36: Peninggian dengan pasir 10cm + pemadatan | E36: 185 | F36: m² | G36: 150000 | H36: =E36*G36 -> 27750000 | I36: 3908731694 | J36: =H36/I36*100 -> 0.70994896
B37: 6 | C37: Pasang paving block lantai parkir | D37: Paving blok K-150 tebal 6 cm | E37: 93 | F37: m² | G37: 185000 | H37: =E37*G37 -> 17205000 | I37: 3908731694 | J37: =H37/I37*100 -> 0.44016836
B38: 7 | C38: Instalasi penerangan + downlight exposed + bohlam 12 w | D38: Kabel ex. Eterna+rumah lampu | E38: 10 | F38: unit | G38: 364000 | H38: =E38*G38 -> 3640000 | I38: 3908731694 | J38: =H38/I38*100 -> 0.093124837
B39: 8 | C39: Perapian kabel existing dan dinding existing | D39: Pasang kabel tray + perapian dinding | E39: 1 | F39: Is | G39: 4500000 | H39: =E39*G39 -> 4500000 | I39: 3908731694 | J39: =H39/I39*100 -> 0.11512686
B40: 9 | C40: Pembuatan saluran bawah paving | D40: sudetan 4" | E40: 6 | F40: Is | G40: 600000 | H40: =E40*G40 -> 3600000 | I40: 3908731694 | J40: =H40/I40*100 -> 0.092101487
B41: 10 | C41: Pembongkaran besi kerangkeng motor | D41: inc buang | E41: 1 | F41: Is | G41: 1000000 | H41: =E41*G41 -> 1000000 | I41: 3908731694 | J41: =H41/I41*100 -> 0.025583746
H42: =SUM(H32:H41) -> 75810000 | I42: 3908731694 | J42: =H42/I42*100 -> 1.9395038
H43: =E43*G43 -> 0
B44: D | C44: PEKERJAAN PAGAR SAMPING P 40M x T 2,1M | H44: =E44*G44 -> 0
B45: 1 | C45: Pekerjaan bongkaran dinding pagar existing | D45: Termasuk pembuangan bekas bongkaran | E45: 88 | F45: m² | G45: 55000 | H45: =E45*G45 -> 4840000 | I45: 3908731694 | J45: =H45/I45*100 -> 0.12382533
B46: 2 | C46: Pekerjaan pasangan pagar precast sisi barat | D46: Perbaikan dinding lama diluruskan kembali | E46: 90 | F46: m² | G46: 395000 | H46: =E46*G46 -> 35550000 | I46: 3908731694 | J46: =H46/I46*100 -> 0.90950218
B47: 3 | C47: Pasang rangka kawat razor | H47: =E47*G47 -> 0 | I47: 3908731694 | J47: =H47/I47*100 -> 0
C48: ex. Besi siku Uk. 40x40x4 mm | D48: Ex. Besi siku uk. 40x40x4 mm +fin cat | E48: 352 | F48: titik | G48: 125000 | H48: =E48*G48 -> 44000000 | I48: 3908731694 | J48: =H48/I48*100 -> 1.1256848
B49: 4 | C49: Pasang kawat razor (diameter gulungan 45-50 cm) | D49: Kawat razor (diameter gulungan 45-50 cm) | E49: 528 | F49: m' | G49: 85000 | H49: =E49*G49 -> 44880000 | I49: 3908731694 | J49: =H49/I49*100 -> 1.1481985
H50: =SUM(H45:H49) -> 129270000 | I50: 3908731694 | J50: =H50/I50*100 -> 3.3072109
H51: =E51*G51 -> 0
B52: E | C52: PEKERJAAN PAGAR DEPAN PJ,70 M, TINGGI 150 CM | H52: =E52*G52 -> 0
B53: 1 | C53: Pekerjaan refinishing pagar depan | D53: Cat dinding exterior ex. Dulux Catylac setara | E53: 85 | F53: m² | G53: 61100 | H53: =E53*G53 -> 5193500 | I53: 3908731694 | J53: =H53/I53*100 -> 0.13286919
B54: 2 | C54: Pekerjaan refinishing pintu dan tralis pagar depan | D54: Cat ftalit royal blue | E54: 100 | F54: m² | G54: 85000 | H54: =E54*G54 -> 8500000 | I54: 3908731694 | J54: =H54/I54*100 -> 0.21746184
B55: 3 | C55: Pekerjaan pintu boom gate pintu utama | H55: =E55*G55 -> 0 | I55: 3908731694 | J55: =H55/I55*100 -> 0
C56: pondasi struktur boom gate | E56: 1 | F56: ls | G56: 4000000 | H56: =E56*G56 -> 4000000 | I56: 3908731694 | J56: =H56/I56*100 -> 0.10233499
C57: Boom gate 6m | D57: button manual | E57: 1 | F57: ls | G57: 30000000 | H57: =E57*G57 -> 30000000 | I57: 3908731694 | J57: =H57/I57*100 -> 0.76751239
C58: instalasi listrik | E58: 1 | F58: ls | G58: 2500000 | H58: =E58*G58 -> 2500000 | I58: 3908731694 | J58: =H58/I58*100 -> 0.063959366
H59: =SUM(H53:H58) -> 50193500 | I59: 3908731694 | J59: =H59/I59*100 -> 1.2841378
H60: =E60*G60 -> 0
B61: F | C61: PEKERJAAN KANOPI GENSET UK. 5.5 X4 M DAN JEMBATAN TIMBANG | H61: =E61*G61 -> 0
B62: 1 | C62: Pekerjaan refinishing kanopi genset | D62: Cat ftalit royal blue | E62: 24 | F62: m² | G62: 75000 | H62: =E62*G62 -> 1800000 | I62: 3908731694 | J62: =H62/I62*100 -> 0.046050743
B63: 2 | C63: Cat rangka kolom dan atap jembatan timbang | D63: Cat ftalit royal blue | E63: 169 | F63: m² | G63: 75000 | H63: =E63*G63 -> 12675000 | I63: 3908731694 | J63: =H63/I63*100 -> 0.32427398
H64: =SUM(H62:H63) -> 14475000 | I64: 3908731694 | J64: =H64/I64*100 -> 0.37032473
B66: G | C66: PEKERJAAN TAMAN DEPAN UK. 5X8 / 17X8 M, 17X30M, BELAKANG 21X28 / 5X36 M
B67: 1 | C67: Kansteen dan ban-banan area dalam taman | D67: Kansteen dan ban-banan area dalam taman fin. Cat minyak | E67: 320 | F67: m' | G67: 100000 | H67: =E67*G67 -> 32000000 | I67: 3908731694 | J67: =H67/I67*100 -> 0.81867988
B68: 2 | C68: Instalasi penerangan lampu taman | D68: Kabel supreme NYY 3x2,5 mm + konduit | E68: 150 | F68: m' | G68: 35100 | H68: =E68*G68 -> 5265000 | I68: 3908731694 | J68: =H68/I68*100 -> 0.13469842
B69: 3 | C69: Reposisi pintu tempat sampah | D69: dari hadap selatan ke hadap timur | E69: 1 | F69: ls | G69: 1500000 | H69: =E69*G69 -> 1500000 | I69: 3908731694 | J69: =H69/I69*100 -> 0.038375619
B70: 4 | C70: Cat ulang area luar tempat sampah (dinding) | E70: 20 | F70: m2 | G70: 57500 | H70: =E70*G70 -> 1150000 | I70: 3908731694 | J70: =H70/I70*100 -> 0.029421308
B71: 5 | C71: Cat paving untuk jalur truk sampah | D71: cat minyak | E71: 1 | F71: ls | G71: 250000 | H71: =E71*G71 -> 250000 | I71: 3908731694 | J71: =H71/I71*100 -> 0.0063959366
H72: =SUM(H67:H71) -> 40165000 | I72: 3908731694 | J72: =H72/I72*100 -> 1.0275712
H73: =E73*G73 -> 0
B74: H | C74: PEKERJAAN JALAN | H74: =E74*G74 -> 0
C75: Area 2 (parkir truk) | D75: beban truk 15-20ton | H75: =E75*G75 -> 0
C76: Pekerjaan jalan beton | D76: metode kupas lalu cor ulang | H76: =E76*G76 -> 0
B77: 1 | C77: Pengupasan aspal existing | D77: kupas 10cm | E77: =E79-E78 -> 3281 | F77: m² | G77: 40000 | H77: =E77*G77 -> 131240000 | I77: 3908731694 | J77: =H77/I77*100 -> 3.3576109 | M77: management minta turun 900jt - 1M
B78: 2 | C78: Pengupasan beton existing | D78: kupas 15cm | E78: 490 | F78: m² | G78: 155000 | H78: =E78*G78 -> 75950000 | I78: 3908731694 | J78: =H78/I78*100 -> 1.9430855 | M78: management minta turun 900jt - 1M
B79: 3 | C79: Pembuangan puing sewa truk | E79: 3771 | F79: m² | G79: 35000 | H79: =E79*G79 -> 131985000 | I79: 3908731694 | J79: =H79/I79*100 -> 3.3766708 | M79: pengupasan minim
B80: 4 | C80: Besi 13 ulir , kotak 30x30cm | D80: 1 lapis | E80: =190/0.3*20*2/12*12.5*1.1 -> 29027.778 | F80: kg | G80: 20500 | H80: =E80*G80 -> 5.9506944e+08 | I80: 3908731694 | J80: =H80/I80*100 -> 15.224106 | M80: arah selokan mungkin 12cm, tengah 15cm
B81: 5 | C81: Cor ready mix K-350 (tanpa trowel dan line cutting) | D81: Tebal rata rata 13,5 cm, (tengah 15cm, pinggir 12cm) | E81: =(E77+E78)*0.135 -> 509.085 | F81: m³ | G81: 1450000 | H81: =E81*G81 -> 738173250 | I81: 3908731694 | J81: =H81/I81*100 -> 18.885237
H82: =SUM(H77:H81) -> 1.6724177e+09 | I82: 3908731694 | J82: =H82/I82*100 -> 42.78671
H83: =E83*G83 -> 0
B84: J | C84: PEKERJAAN PAGAR PERIMETER P 215M + 91M x T 2,4M | H84: =E84*G84 -> 0
B85: 1 | C85: Pekerjaan refinishing dinding pagar timur & utara | D85: Cat dinding eksterior ex. Dulux catylac setara | E85: 734.4 | F85: m² | G85: 57500 | H85: =E85*G85 -> 42228000 | I85: 3908731694 | J85: =H85/I85*100 -> 1.0803504 | M85: 734.4
B86: 2 | C86: Pekerjaan refinishing dinding barat | D86: Cat dinding eksterior ex. Dulux catylac setara | E86: 516 | F86: m² | G86: 57500 | H86: =E86*G86 -> 29670000 | I86: 3908731694 | J86: =H86/I86*100 -> 0.75906975
H87: =SUM(H85:H86) -> 71898000 | I87: 3908731694 | J87: =H87/I87*100 -> 1.8394202
H88: =E88*G88 -> 0
B89: K | C89: PEKERJAAN WATER TORN UK 4X4 M, BENGKEL UK. 12X7 M,. dan GUDANG BELAKANG | H89: =E89*G89 -> 0
B91: 2 | C91: Ganti rangka atap toilet ( rangka lama sudah lapuk ) | D91: Rangka atap baja ringan 0,75, atap galvalum 0.3mm + kerpus, bongkar atap lama | E91: 94.875 | F91: m2 | G91: 380000 | H91: =E91*G91 -> 36052500 | I91: 3908731694 | J91: =H91/I91*100 -> 0.92235801
B92: 3 | C92: Perbaikan plafond + refinishing cat | D92: Plafond grc 4mm + cat catylac eksterior | E92: 88 | F92: m² | G92: 221000 | H92: =E92*G92 -> 19448000 | I92: 3908731694 | J92: =H92/I92*100 -> 0.4975527
B93: 4 | C93: Cat ulang exterior musholla | D93: ex catylac exterior | E93: 118.4 | F93: m² | G93: 57500 | H93: =E93*G93 -> 6808000 | I93: 3908731694 | J93: =H93/I93*100 -> 0.17417414
B94: 5 | C94: Penggantian pintu musholla | D94: pintu engineering + cat kusen | E94: 3 | F94: ls | G94: 1300000 | H94: =E94*G94 -> 3900000 | I94: 3908731694 | J94: =H94/I94*100 -> 0.099776611
B95: 6 | C95: Penggantian keramik teras | D95: ex platinum 50x50 | E95: 12 | F95: m² | G95: 200000 | H95: =E95*G95 -> 2400000 | I95: 3908731694 | J95: =H95/I95*100 -> 0.061400991
B96: 7 | C96: Pembuatan tempat wudhu | D96: 3 kran wudhu, 1 kran service | E96: 6 | F96: m2 | G96: 450000 | H96: =E96*G96 -> 2700000 | I96: 3908731694 | J96: =H96/I96*100 -> 0.069076115
B97: 8 | C97: Pembuatan instalasi wastafel | D97: wastafel existing | E97: 1 | F97: ls | G97: 200000 | H97: =E97*G97 -> 200000 | I97: 3908731694 | J97: =H97/I97*100 -> 0.0051167493
B98: 9 | C98: Pekerjaan lantai bengkel | D98: 480m2 | H98: =E98*G98 -> 0 | I98: 3908731694 | J98: =H98/I98*100 -> 0
B99: - | C99: Land clearing | D99: inc penebangan pohon dan buang | E99: 480 | F99: m2 | G99: 30000 | H99: =E99*G99 -> 14400000 | I99: 3908731694 | J99: =H99/I99*100 -> 0.36840595
B100: - | C100: Perataan dan pemadatan tanah taman belakang | D100: stamper | E100: 480 | F100: m2 | G100: 12000 | H100: =E100*G100 -> 5760000 | I100: 3908731694 | J100: =H100/I100*100 -> 0.14736238
B101: - | C101: Finishing paving | D101: tipe Holland K300 8cm, inc pasir dan abu batu | E101: 480 | F101: m2 | G101: 220000 | H101: =E101*G101 -> 105600000 | I101: 3908731694 | J101: =H101/I101*100 -> 2.7016436
B102: - | C102: Terminasi cor keliling | E102: 88 | F102: m | G102: 150000 | H102: =E102*G102 -> 13200000 | I102: 3908731694 | J102: =H102/I102*100 -> 0.33770545
B103: 10 | C103: Pondasi Struktur bengkel | D103: footplate 60x60 | E103: 6 | F103: ls | G103: 1300000 | H103: =E103*G103 -> 7800000 | I103: 3908731694 | J103: =H103/I103*100 -> 0.19955322
B104: 11 | C104: Atap bengkel dan cucian mobil | D104: Rangka hollow besi, fin biru silver, atap galvalum pasir biru 0,3mm, miring 1 sisi | E104: 88.2 | F104: m2 | G104: 630000 | H104: =E104*G104 -> 55566000 | I104: 3908731694 | J104: =H104/I104*100 -> 1.4215864
...

Sheet BOBOT PEK
B1: PT Artaboga Cemerlang | G1: QUOTATION
B2: Kawasan Industri Candi Jl. Gatot Subroto No.1 | G2: Q-0009VI26 Rev4
B3: Purwoyoso, Kec. Ngaliyan, Kota Semarang | G3: Tanggal | H3: : 13 JULI 2026
B4: Pekerjaan Gudang Umum
U5: MASTER JADWAL PEKERJAAN (single source of truth) - setiap baris ITEM PEKERJAAN punya START WEEK / FINISH WEEK sendiri (sel kuning kolom U/V). Baris SUBTOTAL section (angka MIN/MAX) dihitung otomatis dari item-nya. DURASI, tanggal, Gantt, progress mengikuti otomatis.
B6: No | C6: Uraian Pekerjaan | D6: Spesifikasi | E6: Volume | F6: Sat. | G6: Harga satuan | H6: Jumlah harga | I6: Grand total | J6: Bobot pekerjaan | U6: START WEEK | V6: FINISH WEEK | W6: DURASI (MGG) | X6: START DATE | Y6: FINISH DATE | Z6: PROGRESS % | AA6: STATUS | AB6: W1 | AC6: W2 | AD6: W3 | AE6: W4 | AF6: W5 | AG6: W6 | AH6: W7 | AI6: W8 | AJ6: W9 | AK6: W10 | AL6: W11 | AM6: W12 | AN6: W13 | AO6: W14 | AP6: W15 | AQ6: W16 | AR6: ID Pekerjaan
U7: Keterangan : setiap baris item = START WEEK/FINISH WEEK sendiri (kuning, pilihan 1-16). Baris subtotal section = MIN/MAX otomatis dari seluruh item section tsb. DURASI, START/FINISH DATE, GANTT mengikuti otomatis di baris masing-masing. PROGRESS/STATUS hanya tersedia di baris subtotal (sumber data mingguan per section, bukan per item).
B8: A | C8: PEKERJAAN PERSIAPAN | K8: A | L8: Pekerjaan Persiapan
B9: 1 | C9: Pekerjaan Persiapan | D9: Termasuk Pembuatan Gudang | E9: 1 | F9: Is | G9: 20000000 | H9: =E9*G9 -> 20000000 | I9: 3908731694 | J9: =H9/I9*100 -> 0.51167493 | K9: 1 | L9: Pekerjaan Persiapan | O9: 1,00 | P9: 1300000 | Q9: 1300000 | U9: 1 | V9: 4 | W9: =MAX(1,V9-U9+1) -> 4 | X9: {=INDEX('KALENDER MINGGU'!$B$6:$B$21,U9)} -> 46226 | Y9: {=INDEX('KALENDER MINGGU'!$C$6:$C$21,V9)} -> 46253 | AB9: =IF(AND($U9<=1,$V9>=1),"■","") -> ■ | AC9: =IF(AND($U9<=2,$V9>=2),"■","") -> ■ | AD9: =IF(AND($U9<=3,$V9>=3),"■","") -> ■ | AE9: =IF(AND($U9<=4,$V9>=4),"■","") -> ■ | AF9: =IF(AND($U9<=5,$V9>=5),"■","") | AG9: =IF(AND($U9<=6,$V9>=6),"■","") | AH9: =IF(AND($U9<=7,$V9>=7),"■","") | AI9: =IF(AND($U9<=8,$V9>=8),"■","") | AJ9: =IF(AND($U9<=9,$V9>=9),"■","") | AK9: =IF(AND($U9<=10,$V9>=10),"■","") | AL9: =IF(AND($U9<=11,$V9>=11),"■","") | AM9: =IF(AND($U9<=12,$V9>=12),"■","") | AN9: =IF(AND($U9<=13,$V9>=13),"■","") | AO9: =IF(AND($U9<=14,$V9>=14),"■","") | AP9: =IF(AND($U9<=15,$V9>=15),"■","") | AQ9: =IF(AND($U9<=16,$V9>=16),"■","") | AR9: A-1
B10: 2 | C10: Pembersihan Lahan | E10: 1 | F10: Is | G10: 10000000 | H10: =E10*G10 -> 10000000 | I10: 3908731694 | J10: =H10/I10*100 -> 0.25583746 | K10: 2 | L10: Pembersihan Lahan | O10: 1,00 | P10: 5000000 | Q10: 5000000 | U10: 1 | V10: 4 | W10: =MAX(1,V10-U10+1) -> 4 | X10: {=INDEX('KALENDER MINGGU'!$B$6:$B$21,U10)} -> 46226 | Y10: {=INDEX('KALENDER MINGGU'!$C$6:$C$21,V10)} -> 46253 | AB10: =IF(AND($U10<=1,$V10>=1),"■","") -> ■ | AC10: =IF(AND($U10<=2,$V10>=2),"■","") -> ■ | AD10: =IF(AND($U10<=3,$V10>=3),"■","") -> ■ | AE10: =IF(AND($U10<=4,$V10>=4),"■","") -> ■ | AF10: =IF(AND($U10<=5,$V10>=5),"■","") | AG10: =IF(AND($U10<=6,$V10>=6),"■","") | AH10: =IF(AND($U10<=7,$V10>=7),"■","") | AI10: =IF(AND($U10<=8,$V10>=8),"■","") | AJ10: =IF(AND($U10<=9,$V10>=9),"■","") | AK10: =IF(AND($U10<=10,$V10>=10),"■","") | AL10: =IF(AND($U10<=11,$V10>=11),"■","") | AM10: =IF(AND($U10<=12,$V10>=12),"■","") | AN10: =IF(AND($U10<=13,$V10>=13),"■","") | AO10: =IF(AND($U10<=14,$V10>=14),"■","") | AP10: =IF(AND($U10<=15,$V10>=15),"■","") | AQ10: =IF(AND($U10<=16,$V10>=16),"■","") | AR10: A-2
B11: 3 | C11: Direksi Kit+Gudang Sementara | H11: =E11*G11 -> 0 | I11: 3908731694 | J11: =H11/I11*100 -> 0 | K11: 3 | L11: Skafolding dan Alat Bantu Pekerjaan | O11: 1,00 | P11: 2000000 | Q11: 2000000 | U11: 1 | V11: 4 | W11: =MAX(1,V11-U11+1) -> 4 | X11: {=INDEX('KALENDER MINGGU'!$B$6:$B$21,U11)} -> 46226 | Y11: {=INDEX('KALENDER MINGGU'!$C$6:$C$21,V11)} -> 46253 | AB11: =IF(AND($U11<=1,$V11>=1),"■","") -> ■ | AC11: =IF(AND($U11<=2,$V11>=2),"■","") -> ■ | AD11: =IF(AND($U11<=3,$V11>=3),"■","") -> ■ | AE11: =IF(AND($U11<=4,$V11>=4),"■","") -> ■ | AF11: =IF(AND($U11<=5,$V11>=5),"■","") | AG11: =IF(AND($U11<=6,$V11>=6),"■","") | AH11: =IF(AND($U11<=7,$V11>=7),"■","") | AI11: =IF(AND($U11<=8,$V11>=8),"■","") | AJ11: =IF(AND($U11<=9,$V11>=9),"■","") | AK11: =IF(AND($U11<=10,$V11>=10),"■","") | AL11: =IF(AND($U11<=11,$V11>=11),"■","") | AM11: =IF(AND($U11<=12,$V11>=12),"■","") | AN11: =IF(AND($U11<=13,$V11>=13),"■","") | AO11: =IF(AND($U11<=14,$V11>=14),"■","") | AP11: =IF(AND($U11<=15,$V11>=15),"■","") | AQ11: =IF(AND($U11<=16,$V11>=16),"■","") | AR11: A-3
B12: 4 | C12: Administrasi Lapangan | E12: 1 | F12: Is | G12: 5000000 | H12: =E12*G12 -> 5000000 | I12: 3908731694 | J12: =H12/I12*100 -> 0.12791873 | K12: 4 | L12: Biaya gambar | O12: 1,00 | P12: 1100000 | Q12: 1100000 | U12: 1 | V12: 4 | W12: =MAX(1,V12-U12+1) -> 4 | X12: {=INDEX('KALENDER MINGGU'!$B$6:$B$21,U12)} -> 46226 | Y12: {=INDEX('KALENDER MINGGU'!$C$6:$C$21,V12)} -> 46253 | AB12: =IF(AND($U12<=1,$V12>=1),"■","") -> ■ | AC12: =IF(AND($U12<=2,$V12>=2),"■","") -> ■ | AD12: =IF(AND($U12<=3,$V12>=3),"■","") -> ■ | AE12: =IF(AND($U12<=4,$V12>=4),"■","") -> ■ | AF12: =IF(AND($U12<=5,$V12>=5),"■","") | AG12: =IF(AND($U12<=6,$V12>=6),"■","") | AH12: =IF(AND($U12<=7,$V12>=7),"■","") | AI12: =IF(AND($U12<=8,$V12>=8),"■","") | AJ12: =IF(AND($U12<=9,$V12>=9),"■","") | AK12: =IF(AND($U12<=10,$V12>=10),"■","") | AL12: =IF(AND($U12<=11,$V12>=11),"■","") | AM12: =IF(AND($U12<=12,$V12>=12),"■","") | AN12: =IF(AND($U12<=13,$V12>=13),"■","") | AO12: =IF(AND($U12<=14,$V12>=14),"■","") | AP12: =IF(AND($U12<=15,$V12>=15),"■","") | AQ12: =IF(AND($U12<=16,$V12>=16),"■","") | AR12: A-4
B13: 5 | C13: Skafolding dan Alat Bantu Pekerjaan | D13: Sewa Skafolding 40 set Selama 2 bulan | E13: 1 | F13: Is | G13: 15000000 | H13: =E13*G13 -> 15000000 | I13: 3908731694 | J13: =H13/I13*100 -> 0.38375619 | U13: 1 | V13: 6 | W13: =MAX(1,V13-U13+1) -> 6 | X13: {=INDEX('KALENDER MINGGU'!$B$6:$B$21,U13)} -> 46226 | Y13: {=INDEX('KALENDER MINGGU'!$C$6:$C$21,V13)} -> 46267 | AB13: =IF(AND($U13<=1,$V13>=1),"■","") -> ■ | AC13: =IF(AND($U13<=2,$V13>=2),"■","") -> ■ | AD13: =IF(AND($U13<=3,$V13>=3),"■","") -> ■ | AE13: =IF(AND($U13<=4,$V13>=4),"■","") -> ■ | AF13: =IF(AND($U13<=5,$V13>=5),"■","") -> ■ | AG13: =IF(AND($U13<=6,$V13>=6),"■","") -> ■ | AH13: =IF(AND($U13<=7,$V13>=7),"■","") | AI13: =IF(AND($U13<=8,$V13>=8),"■","") | AJ13: =IF(AND($U13<=9,$V13>=9),"■","") | AK13: =IF(AND($U13<=10,$V13>=10),"■","") | AL13: =IF(AND($U13<=11,$V13>=11),"■","") | AM13: =IF(AND($U13<=12,$V13>=12),"■","") | AN13: =IF(AND($U13<=13,$V13>=13),"■","") | AO13: =IF(AND($U13<=14,$V13>=14),"■","") | AP13: =IF(AND($U13<=15,$V13>=15),"■","") | AQ13: =IF(AND($U13<=16,$V13>=16),"■","") | AR13: A-5
H14: =SUM(H8:H13) -> 50000000 | I14: 3908731694 | J14: =H14/I14*100 -> 1.2791873 | K14: B | L14: Pekerjaan Struktur - pondasi | U14: =MIN(U9:U13) -> 1 | V14: =MAX(V9:V13) -> 6 | W14: =MAX(1,V14-U14+1) -> 6 | X14: {=INDEX('KALENDER MINGGU'!$B$6:$B$21,U14)} -> 46226 | Y14: {=INDEX('KALENDER MINGGU'!$C$6:$C$21,V14)} -> 46267 | Z14: =SUM(TS!M14:AB14)/TS!L13*100 -> 100 | AA14: =IF(Z14>=99.9,"COMPLETED",IF(U14>'RENCANA MINGGUAN'!$J$7,"NOT STARTED",IF(V14<'RENCANA MINGGUAN'!$J$7,"CRITICAL",IF(Z14+1<W14,"DELAYED","ON SCHEDULE")))) -> COMPLETED | AB14: =IF(AND(U14<=1,V14>=1),"■","") -> ■ | AC14: =IF(AND(U14<=2,V14>=2),"■","") -> ■ | AD14: =IF(AND(U14<=3,V14>=3),"■","") -> ■ | AE14: =IF(AND(U14<=4,V14>=4),"■","") -> ■ | AF14: =IF(AND(U14<=5,V14>=5),"■","") -> ■ | AG14: =IF(AND(U14<=6,V14>=6),"■","") -> ■ | AH14: =IF(AND(U14<=7,V14>=7),"■","") | AI14: =IF(AND(U14<=8,V14>=8),"■","") | AJ14: =IF(AND(U14<=9,V14>=9),"■","") | AK14: =IF(AND(U14<=10,V14>=10),"■","") | AL14: =IF(AND(U14<=11,V14>=11),"■","") | AM14: =IF(AND(U14<=12,V14>=12),"■","") | AN14: =IF(AND(U14<=13,V14>=13),"■","") | AO14: =IF(AND(U14<=14,V14>=14),"■","") | AP14: =IF(AND(U14<=15,V14>=15),"■","") | AQ14: =IF(AND(U14<=16,V14>=16),"■","")
B15: B | C15: PEKERJAAN AREA GUDANG UMUM+GUDANG SPM UK.46X54 M
B16: 1 | C16: Pekerjaan Bak Kontrol | D16: Rangka siku 40x40x3mm + besi beton | E16: 4 | F16: unit | G16: 650000 | H16: =E16*G16 -> 2600000 | I16: 3908731694 | J16: =H16/I16*100 -> 0.06651774 | U16: 7 | V16: 9 | W16: =MAX(1,V16-U16+1) -> 3 | X16: {=INDEX('KALENDER MINGGU'!$B$6:$B$21,U16)} -> 46268 | Y16: {=INDEX('KALENDER MINGGU'!$C$6:$C$21,V16)} -> 46288 | AB16: =IF(AND($U16<=1,$V16>=1),"■","") | AC16: =IF(AND($U16<=2,$V16>=2),"■","") | AD16: =IF(AND($U16<=3,$V16>=3),"■","") | AE16: =IF(AND($U16<=4,$V16>=4),"■","") | AF16: =IF(AND($U16<=5,$V16>=5),"■","") | AG16: =IF(AND($U16<=6,$V16>=6),"■","") | AH16: =IF(AND($U16<=7,$V16>=7),"■","") -> ■ | AI16: =IF(AND($U16<=8,$V16>=8),"■","") -> ■ | AJ16: =IF(AND($U16<=9,$V16>=9),"■","") -> ■ | AK16: =IF(AND($U16<=10,$V16>=10),"■","") | AL16: =IF(AND($U16<=11,$V16>=11),"■","") | AM16: =IF(AND($U16<=12,$V16>=12),"■","") | AN16: =IF(AND($U16<=13,$V16>=13),"■","") | AO16: =IF(AND($U16<=14,$V16>=14),"■","") | AP16: =IF(AND($U16<=15,$V16>=15),"■","") | AQ16: =IF(AND($U16<=16,$V16>=16),"■","") | AR16: B-1
B17: 2 | C17: Pasang aluminium bubble dibawah atap+plat strip | D17: Aluminium bubble tebal 10 mm + plat strip 2mm x 3cm | E17: 2875 | F17: m² | G17: 120000 | H17: =E17*G17 -> 345000000 | I17: 3908731694 | J17: =H17/I17*100 -> 8.8263925 | U17: 6 | V17: 9 | W17: =MAX(1,V17-U17+1) -> 4 | X17: {=INDEX('KALENDER MINGGU'!$B$6:$B$21,U17)} -> 46261 | Y17: {=INDEX('KALENDER MINGGU'!$C$6:$C$21,V17)} -> 46288 | AB17: =IF(AND($U17<=1,$V17>=1),"■","") | AC17: =IF(AND($U17<=2,$V17>=2),"■","") | AD17: =IF(AND($U17<=3,$V17>=3),"■","") | AE17: =IF(AND($U17<=4,$V17>=4),"■","") | AF17: =IF(AND($U17<=5,$V17>=5),"■","") | AG17: =IF(AND($U17<=6,$V17>=6),"■","") -> ■ | AH17: =IF(AND($U17<=7,$V17>=7),"■","") -> ■ | AI17: =IF(AND($U17<=8,$V17>=8),"■","") -> ■ | AJ17: =IF(AND($U17<=9,$V17>=9),"■","") -> ■ | AK17: =IF(AND($U17<=10,$V17>=10),"■","") | AL17: =IF(AND($U17<=11,$V17>=11),"■","") | AM17: =IF(AND($U17<=12,$V17>=12),"■","") | AN17: =IF(AND($U17<=13,$V17>=13),"■","") | AO17: =IF(AND($U17<=14,$V17>=14),"■","") | AP17: =IF(AND($U17<=15,$V17>=15),"■","") | AQ17: =IF(AND($U17<=16,$V17>=16),"■","") | AR17: B-2
B18: 3 | C18: Pekerjaan finishing cat sisi luar samping dan belakang | D18: Cat dinding exterior ex. Dulux Catylac setara | E18: 1230 | F18: m² | G18: 57500 | H18: =E18*G18 -> 70725000 | I18: 3908731694 | J18: =H18/I18*100 -> 1.8094105 | U18: 7 | V18: 9 | W18: =MAX(1,V18-U18+1) -> 3 | X18: {=INDEX('KALENDER MINGGU'!$B$6:$B$21,U18)} -> 46268 | Y18: {=INDEX('KALENDER MINGGU'!$C$6:$C$21,V18)} -> 46288 | AB18: =IF(AND($U18<=1,$V18>=1),"■","") | AC18: =IF(AND($U18<=2,$V18>=2),"■","") | AD18: =IF(AND($U18<=3,$V18>=3),"■","") | AE18: =IF(AND($U18<=4,$V18>=4),"■","") | AF18: =IF(AND($U18<=5,$V18>=5),"■","") | AG18: =IF(AND($U18<=6,$V18>=6),"■","") | AH18: =IF(AND($U18<=7,$V18>=7),"■","") -> ■ | AI18: =IF(AND($U18<=8,$V18>=8),"■","") -> ■ | AJ18: =IF(AND($U18<=9,$V18>=9),"■","") -> ■ | AK18: =IF(AND($U18<=10,$V18>=10),"■","") | AL18: =IF(AND($U18<=11,$V18>=11),"■","") | AM18: =IF(AND($U18<=12,$V18>=12),"■","") | AN18: =IF(AND($U18<=13,$V18>=13),"■","") | AO18: =IF(AND($U18<=14,$V18>=14),"■","") | AP18: =IF(AND($U18<=15,$V18>=15),"■","") | AQ18: =IF(AND($U18<=16,$V18>=16),"■","") | AR18: B-3
B19: 4 | C19: Pasang turbin ventilator 32" | D19: Turbin Ventilator 32 " | E19: 18 | F19: unit | G19: 2500000 | H19: =E19*G19 -> 45000000 | I19: 3908731694 | J19: =H19/I19*100 -> 1.1512686 | U19: 7 | V19: 9 | W19: =MAX(1,V19-U19+1) -> 3 | X19: {=INDEX('KALENDER MINGGU'!$B$6:$B$21,U19)} -> 46268 | Y19: {=INDEX('KALENDER MINGGU'!$C$6:$C$21,V19)} -> 46288 | AB19: =IF(AND($U19<=1,$V19>=1),"■","") | AC19: =IF(AND($U19<=2,$V19>=2),"■","") | AD19: =IF(AND($U19<=3,$V19>=3),"■","") | AE19: =IF(AND($U19<=4,$V19>=4),"■","") | AF19: =IF(AND($U19<=5,$V19>=5),"■","") | AG19: =IF(AND($U19<=6,$V19>=6),"■","") | AH19: =IF(AND($U19<=7,$V19>=7),"■","") -> ■ | AI19: =IF(AND($U19<=8,$V19>=8),"■","") -> ■ | AJ19: =IF(AND($U19<=9,$V19>=9),"■","") -> ■ | AK19: =IF(AND($U19<=10,$V19>=10),"■","") | AL19: =IF(AND($U19<=11,$V19>=11),"■","") | AM19: =IF(AND($U19<=12,$V19>=12),"■","") | AN19: =IF(AND($U19<=13,$V19>=13),"■","") | AO19: =IF(AND($U19<=14,$V19>=14),"■","") | AP19: =IF(AND($U19<=15,$V19>=15),"■","") | AQ19: =IF(AND($U19<=16,$V19>=16),"■","") | AR19: B-4
B20: 5 | C20: Bongkar atap existing | D20: diganti bening | E20: 196 | F20: m² | G20: 25000 | H20: =E20*G20 -> 4900000 | I20: 3908731694 | J20: =H20/I20*100 -> 0.12536036 | U20: 7 | V20: 9 | W20: =MAX(1,V20-U20+1) -> 3 | X20: {=INDEX('KALENDER MINGGU'!$B$6:$B$21,U20)} -> 46268 | Y20: {=INDEX('KALENDER MINGGU'!$C$6:$C$21,V20)} -> 46288 | AB20: =IF(AND($U20<=1,$V20>=1),"■","") | AC20: =IF(AND($U20<=2,$V20>=2),"■","") | AD20: =IF(AND($U20<=3,$V20>=3),"■","") | AE20: =IF(AND($U20<=4,$V20>=4),"■","") | AF20: =IF(AND($U20<=5,$V20>=5),"■","") | AG20: =IF(AND($U20<=6,$V20>=6),"■","") | AH20: =IF(AND($U20<=7,$V20>=7),"■","") -> ■ | AI20: =IF(AND($U20<=8,$V20>=8),"■","") -> ■ | AJ20: =IF(AND($U20<=9,$V20>=9),"■","") -> ■ | AK20: =IF(AND($U20<=10,$V20>=10),"■","") | AL20: =IF(AND($U20<=11,$V20>=11),"■","") | AM20: =IF(AND($U20<=12,$V20>=12),"■","") | AN20: =IF(AND($U20<=13,$V20>=13),"■","") | AO20: =IF(AND($U20<=14,$V20>=14),"■","") | AP20: =IF(AND($U20<=15,$V20>=15),"■","") | AQ20: =IF(AND($U20<=16,$V20>=16),"■","") | AR20: B-5
B21: 6 | C21: Pasang atap fiber bening | D21: Fiber bening ex. Clandianplast Setara | E21: 196 | F21: m² | G21: 143000 | H21: =E21*G21 -> 28028000 | I21: 3908731694 | J21: =H21/I21*100 -> 0.71706124 | U21: 7 | V21: 9 | W21: =MAX(1,V21-U21+1) -> 3 | X21: {=INDEX('KALENDER MINGGU'!$B$6:$B$21,U21)} -> 46268 | Y21: {=INDEX('KALENDER MINGGU'!$C$6:$C$21,V21)} -> 46288 | AB21: =IF(AND($U21<=1,$V21>=1),"■","") | AC21: =IF(AND($U21<=2,$V21>=2),"■","") | AD21: =IF(AND($U21<=3,$V21>=3),"■","") | AE21: =IF(AND($U21<=4,$V21>=4),"■","") | AF21: =IF(AND($U21<=5,$V21>=5),"■","") | AG21: =IF(AND($U21<=6,$V21>=6),"■","") | AH21: =IF(AND($U21<=7,$V21>=7),"■","") -> ■ | AI21: =IF(AND($U21<=8,$V21>=8),"■","") -> ■ | AJ21: =IF(AND($U21<=9,$V21>=9),"■","") -> ■ | AK21: =IF(AND($U21<=10,$V21>=10),"■","") | AL21: =IF(AND($U21<=11,$V21>=11),"■","") | AM21: =IF(AND($U21<=12,$V21>=12),"■","") | AN21: =IF(AND($U21<=13,$V21>=13),"■","") | AO21: =IF(AND($U21<=14,$V21>=14),"■","") | AP21: =IF(AND($U21<=15,$V21>=15),"■","") | AQ21: =IF(AND($U21<=16,$V21>=16),"■","") | AR21: B-6
B22: 7 | C22: pekerjaan refinishing kanopi loading dock | D22: Cat Ftalit Royal Blue | E22: 290 | F22: m² | G22: 85000 | H22: =E22*G22 -> 24650000 | I22: 3908731694 | J22: =H22/I22*100 -> 0.63063935 | U22: 7 | V22: 9 | W22: =MAX(1,V22-U22+1) -> 3 | X22: {=INDEX('KALENDER MINGGU'!$B$6:$B$21,U22)} -> 46268 | Y22: {=INDEX('KALENDER MINGGU'!$C$6:$C$21,V22)} -> 46288 | AB22: =IF(AND($U22<=1,$V22>=1),"■","") | AC22: =IF(AND($U22<=2,$V22>=2),"■","") | AD22: =IF(AND($U22<=3,$V22>=3),"■","") | AE22: =IF(AND($U22<=4,$V22>=4),"■","") | AF22: =IF(AND($U22<=5,$V22>=5),"■","") | AG22: =IF(AND($U22<=6,$V22>=6),"■","") | AH22: =IF(AND($U22<=7,$V22>=7),"■","") -> ■ | AI22: =IF(AND($U22<=8,$V22>=8),"■","") -> ■ | AJ22: =IF(AND($U22<=9,$V22>=9),"■","") -> ■ | AK22: =IF(AND($U22<=10,$V22>=10),"■","") | AL22: =IF(AND($U22<=11,$V22>=11),"■","") | AM22: =IF(AND($U22<=12,$V22>=12),"■","") | AN22: =IF(AND($U22<=13,$V22>=13),"■","") | AO22: =IF(AND($U22<=14,$V22>=14),"■","") | AP22: =IF(AND($U22<=15,$V22>=15),"■","") | AQ22: =IF(AND($U22<=16,$V22>=16),"■","") | AR22: B-7
B23: 8 | C23: Perbaikan loading dock | D23: Penambahan besi siku 70 x 70 mm | E23: 45 | F23: m | G23: 344500 | H23: =E23*G23 -> 15502500 | I23: 3908731694 | J23: =H23/I23*100 -> 0.39661203 | U23: 8 | V23: 9 | W23: =MAX(1,V23-U23+1) -> 2 | X23: {=INDEX('KALENDER MINGGU'!$B$6:$B$21,U23)} -> 46275 | Y23: {=INDEX('KALENDER MINGGU'!$C$6:$C$21,V23)} -> 46288 | AB23: =IF(AND($U23<=1,$V23>=1),"■","") | AC23: =IF(AND($U23<=2,$V23>=2),"■","") | AD23: =IF(AND($U23<=3,$V23>=3),"■","") | AE23: =IF(AND($U23<=4,$V23>=4),"■","") | AF23: =IF(AND($U23<=5,$V23>=5),"■","") | AG23: =IF(AND($U23<=6,$V23>=6),"■","") | AH23: =IF(AND($U23<=7,$V23>=7),"■","") | AI23: =IF(AND($U23<=8,$V23>=8),"■","") -> ■ | AJ23: =IF(AND($U23<=9,$V23>=9),"■","") -> ■ | AK23: =IF(AND($U23<=10,$V23>=10),"■","") | AL23: =IF(AND($U23<=11,$V23>=11),"■","") | AM23: =IF(AND($U23<=12,$V23>=12),"■","") | AN23: =IF(AND($U23<=13,$V23>=13),"■","") | AO23: =IF(AND($U23<=14,$V23>=14),"■","") | AP23: =IF(AND($U23<=15,$V23>=15),"■","") | AQ23: =IF(AND($U23<=16,$V23>=16),"■","") | AR23: B-8
B24: 9 | C24: Perbaikan dinding dan cat dinding loading dock | D24: Cat dinding exterior ex. Dulux Catylac setara | E24: 37 | F24: m | G24: 57500 | H24: =E24*G24 -> 2127500 | I24: 3908731694 | J24: =H24/I24*100 -> 0.05442942 | U24: 8 | V24: 9 | W24: =MAX(1,V24-U24+1) -> 2 | X24: {=INDEX('KALENDER MINGGU'!$B$6:$B$21,U24)} -> 46275 | Y24: {=INDEX('KALENDER MINGGU'!$C$6:$C$21,V24)} -> 46288 | AB24: =IF(AND($U24<=1,$V24>=1),"■","") | AC24: =IF(AND($U24<=2,$V24>=2),"■","") | AD24: =IF(AND($U24<=3,$V24>=3),"■","") | AE24: =IF(AND($U24<=4,$V24>=4),"■","") | AF24: =IF(AND($U24<=5,$V24>=5),"■","") | AG24: =IF(AND($U24<=6,$V24>=6),"■","") | AH24: =IF(AND($U24<=7,$V24>=7),"■","") | AI24: =IF(AND($U24<=8,$V24>=8),"■","") -> ■ | AJ24: =IF(AND($U24<=9,$V24>=9),"■","") -> ■ | AK24: =IF(AND($U24<=10,$V24>=10),"■","") | AL24: =IF(AND($U24<=11,$V24>=11),"■","") | AM24: =IF(AND($U24<=12,$V24>=12),"■","") | AN24: =IF(AND($U24<=13,$V24>=13),"■","") | AO24: =IF(AND($U24<=14,$V24>=14),"■","") | AP24: =IF(AND($U24<=15,$V24>=15),"■","") | AQ24: =IF(AND($U24<=16,$V24>=16),"■","") | AR24: B-9
B25: 10 | C25: Servis kebocoran pipa talang | E25: 1 | F25: ls | G25: 5200000 | H25: =E25*G25 -> 5200000 | I25: 3908731694 | J25: =H25/I25*100 -> 0.13303548 | U25: 7 | V25: 9 | W25: =MAX(1,V25-U25+1) -> 3 | X25: {=INDEX('KALENDER MINGGU'!$B$6:$B$21,U25)} -> 46268 | Y25: {=INDEX('KALENDER MINGGU'!$C$6:$C$21,V25)} -> 46288 | AB25: =IF(AND($U25<=1,$V25>=1),"■","") | AC25: =IF(AND($U25<=2,$V25>=2),"■","") | AD25: =IF(AND($U25<=3,$V25>=3),"■","") | AE25: =IF(AND($U25<=4,$V25>=4),"■","") | AF25: =IF(AND($U25<=5,$V25>=5),"■","") | AG25: =IF(AND($U25<=6,$V25>=6),"■","") | AH25: =IF(AND($U25<=7,$V25>=7),"■","") -> ■ | AI25: =IF(AND($U25<=8,$V25>=8),"■","") -> ■ | AJ25: =IF(AND($U25<=9,$V25>=9),"■","") -> ■ | AK25: =IF(AND($U25<=10,$V25>=10),"■","") | AL25: =IF(AND($U25<=11,$V25>=11),"■","") | AM25: =IF(AND($U25<=12,$V25>=12),"■","") | AN25: =IF(AND($U25<=13,$V25>=13),"■","") | AO25: =IF(AND($U25<=14,$V25>=14),"■","") | AP25: =IF(AND($U25<=15,$V25>=15),"■","") | AQ25: =IF(AND($U25<=16,$V25>=16),"■","") | AR25: B-10
B26: 11 | C26: Cor ulang lantai gudang utama sisi pintu dalam (4mx5m) | D26: inc kupas, pembesian M8, cor | E26: 60 | F26: m² | G26: 1100000 | H26: =E26*G26 -> 66000000 | I26: 3908731694 | J26: =H26/I26*100 -> 1.6885273 | U26: 9 | V26: 11 | W26: =MAX(1,V26-U26+1) -> 3 | X26: {=INDEX('KALENDER MINGGU'!$B$6:$B$21,U26)} -> 46282 | Y26: {=INDEX('KALENDER MINGGU'!$C$6:$C$21,V26)} -> 46302 | AB26: =IF(AND($U26<=1,$V26>=1),"■","") | AC26: =IF(AND($U26<=2,$V26>=2),"■","") | AD26: =IF(AND($U26<=3,$V26>=3),"■","") | AE26: =IF(AND($U26<=4,$V26>=4),"■","") | AF26: =IF(AND($U26<=5,$V26>=5),"■","") | AG26: =IF(AND($U26<=6,$V26>=6),"■","") | AH26: =IF(AND($U26<=7,$V26>=7),"■","") | AI26: =IF(AND($U26<=8,$V26>=8),"■","") | AJ26: =IF(AND($U26<=9,$V26>=9),"■","") -> ■ | AK26: =IF(AND($U26<=10,$V26>=10),"■","") -> ■ | AL26: =IF(AND($U26<=11,$V26>=11),"■","") -> ■ | AM26: =IF(AND($U26<=12,$V26>=12),"■","") | AN26: =IF(AND($U26<=13,$V26>=13),"■","") | AO26: =IF(AND($U26<=14,$V26>=14),"■","") | AP26: =IF(AND($U26<=15,$V26>=15),"■","") | AQ26: =IF(AND($U26<=16,$V26>=16),"■","") | AR26: B-11
B27: 12 | C27: Pembongkaran pintu rolling door | D27: inc buang | E27: 1 | F27: ls | G27: 2500000 | H27: =E27*G27 -> 2500000 | I27: 3908731694 | J27: =H27/I27*100 -> 0.063959366 | U27: 8 | V27: 9 | W27: =MAX(1,V27-U27+1) -> 2 | X27: {=INDEX('KALENDER MINGGU'!$B$6:$B$21,U27)} -> 46275 | Y27: {=INDEX('KALENDER MINGGU'!$C$6:$C$21,V27)} -> 46288 | AB27: =IF(AND($U27<=1,$V27>=1),"■","") | AC27: =IF(AND($U27<=2,$V27>=2),"■","") | AD27: =IF(AND($U27<=3,$V27>=3),"■","") | AE27: =IF(AND($U27<=4,$V27>=4),"■","") | AF27: =IF(AND($U27<=5,$V27>=5),"■","") | AG27: =IF(AND($U27<=6,$V27>=6),"■","") | AH27: =IF(AND($U27<=7,$V27>=7),"■","") | AI27: =IF(AND($U27<=8,$V27>=8),"■","") -> ■ | AJ27: =IF(AND($U27<=9,$V27>=9),"■","") -> ■ | AK27: =IF(AND($U27<=10,$V27>=10),"■","") | AL27: =IF(AND($U27<=11,$V27>=11),"■","") | AM27: =IF(AND($U27<=12,$V27>=12),"■","") | AN27: =IF(AND($U27<=13,$V27>=13),"■","") | AO27: =IF(AND($U27<=14,$V27>=14),"■","") | AP27: =IF(AND($U27<=15,$V27>=15),"■","") | AQ27: =IF(AND($U27<=16,$V27>=16),"■","") | AR27: B-12
B28: 13 | C28: Perapian kabel dalam gudang | D28: cable tray custom | E28: 54 | F28: m | G28: 360000 | H28: =E28*G28 -> 19440000 | I28: 3908731694 | J28: =H28/I28*100 -> 0.49734803 | U28: 8 | V28: 10 | W28: =MAX(1,V28-U28+1) -> 3 | X28: {=INDEX('KALENDER MINGGU'!$B$6:$B$21,U28)} -> 46275 | Y28: {=INDEX('KALENDER MINGGU'!$C$6:$C$21,V28)} -> 46295 | AB28: =IF(AND($U28<=1,$V28>=1),"■","") | AC28: =IF(AND($U28<=2,$V28>=2),"■","") | AD28: =IF(AND($U28<=3,$V28>=3),"■","") | AE28: =IF(AND($U28<=4,$V28>=4),"■","") | AF28: =IF(AND($U28<=5,$V28>=5),"■","") | AG28: =IF(AND($U28<=6,$V28>=6),"■","") | AH28: =IF(AND($U28<=7,$V28>=7),"■","") | AI28: =IF(AND($U28<=8,$V28>=8),"■","") -> ■ | AJ28: =IF(AND($U28<=9,$V28>=9),"■","") -> ■ | AK28: =IF(AND($U28<=10,$V28>=10),"■","") -> ■ | AL28: =IF(AND($U28<=11,$V28>=11),"■","") | AM28: =IF(AND($U28<=12,$V28>=12),"■","") | AN28: =IF(AND($U28<=13,$V28>=13),"■","") | AO28: =IF(AND($U28<=14,$V28>=14),"■","") | AP28: =IF(AND($U28<=15,$V28>=15),"■","") | AQ28: =IF(AND($U28<=16,$V28>=16),"■","") | AR28: B-13
H29: =SUM(H16:H28) -> 631673000 | I29: 3908731694 | J29: =H29/I29*100 -> 16.160562 | U29: =MIN(U16:U28) -> 6 | V29: =MAX(V16:V28) -> 11 | W29: =MAX(1,V29-U29+1) -> 6 | X29: {=INDEX('KALENDER MINGGU'!$B$6:$B$21,U29)} -> 46261 | Y29: {=INDEX('KALENDER MINGGU'!$C$6:$C$21,V29)} -> 46302 | Z29: =SUM(TS!M16:AB16)/TS!L15*100 -> 40.815184 | AA29: =IF(Z29>=99.9,"COMPLETED",IF(U29>'RENCANA MINGGUAN'!$J$7,"NOT STARTED",IF(V29<'RENCANA MINGGUAN'!$J$7,"CRITICAL",IF(Z29+1<W29,"DELAYED","ON SCHEDULE")))) -> ON SCHEDULE | AB29: =IF(AND(U29<=1,V29>=1),"■","") | AC29: =IF(AND(U29<=2,V29>=2),"■","") | AD29: =IF(AND(U29<=3,V29>=3),"■","") | AE29: =IF(AND(U29<=4,V29>=4),"■","") | AF29: =IF(AND(U29<=5,V29>=5),"■","") | AG29: =IF(AND(U29<=6,V29>=6),"■","") -> ■ | AH29: =IF(AND(U29<=7,V29>=7),"■","") -> ■ | AI29: =IF(AND(U29<=8,V29>=8),"■","") -> ■ | AJ29: =IF(AND(U29<=9,V29>=9),"■","") -> ■ | AK29: =IF(AND(U29<=10,V29>=10),"■","") -> ■ | AL29: =IF(AND(U29<=11,V29>=11),"■","") -> ■ | AM29: =IF(AND(U29<=12,V29>=12),"■","") | AN29: =IF(AND(U29<=13,V29>=13),"■","") | AO29: =IF(AND(U29<=14,V29>=14),"■","") | AP29: =IF(AND(U29<=15,V29>=15),"■","") | AQ29: =IF(AND(U29<=16,V29>=16),"■","")
H30: =E30*G30 -> 0
B31: C | C31: PEKERJAAN AREA GUDANG PARKIR SISI SAMPING UK.4,75X37M | H31: =E31*G31 -> 0
B32: 1 | C32: Perbaikan atap existing | E32: 30 | F32: m² | G32: 40000 | H32: =E32*G32 -> 1200000 | I32: 3908731694 | J32: =H32/I32*100 -> 0.030700496 | U32: 9 | V32: 10 | W32: =MAX(1,V32-U32+1) -> 2 | X32: {=INDEX('KALENDER MINGGU'!$B$6:$B$21,U32)} -> 46282 | Y32: {=INDEX('KALENDER MINGGU'!$C$6:$C$21,V32)} -> 46295 | AB32: =IF(AND($U32<=1,$V32>=1),"■","") | AC32: =IF(AND($U32<=2,$V32>=2),"■","") | AD32: =IF(AND($U32<=3,$V32>=3),"■","") | AE32: =IF(AND($U32<=4,$V32>=4),"■","") | AF32: =IF(AND($U32<=5,$V32>=5),"■","") | AG32: =IF(AND($U32<=6,$V32>=6),"■","") | AH32: =IF(AND($U32<=7,$V32>=7),"■","") | AI32: =IF(AND($U32<=8,$V32>=8),"■","") | AJ32: =IF(AND($U32<=9,$V32>=9),"■","") -> ■ | AK32: =IF(AND($U32<=10,$V32>=10),"■","") -> ■ | AL32: =IF(AND($U32<=11,$V32>=11),"■","") | AM32: =IF(AND($U32<=12,$V32>=12),"■","") | AN32: =IF(AND($U32<=13,$V32>=13),"■","") | AO32: =IF(AND($U32<=14,$V32>=14),"■","") | AP32: =IF(AND($U32<=15,$V32>=15),"■","") | AQ32: =IF(AND($U32<=16,$V32>=16),"■","") | AR32: C-1
B33: 2 | C33: Pekerjaan bongkaran lantai paving block existing | D33: Termasuk pembuangan bekas bongkaran | E33: 105 | F33: m² | G33: 35000 | H33: =E33*G33 -> 3675000 | I33: 3908731694 | J33: =H33/I33*100 -> 0.094020268 | U33: 7 | V33: 9 | W33: =MAX(1,V33-U33+1) -> 3 | X33: {=INDEX('KALENDER MINGGU'!$B$6:$B$21,U33)} -> 46268 | Y33: {=INDEX('KALENDER MINGGU'!$C$6:$C$21,V33)} -> 46288 | AB33: =IF(AND($U33<=1,$V33>=1),"■","") | AC33: =IF(AND($U33<=2,$V33>=2),"■","") | AD33: =IF(AND($U33<=3,$V33>=3),"■","") | AE33: =IF(AND($U33<=4,$V33>=4),"■","") | AF33: =IF(AND($U33<=5,$V33>=5),"■","") | AG33: =IF(AND($U33<=6,$V33>=6),"■","") | AH33: =IF(AND($U33<=7,$V33>=7),"■","") -> ■ | AI33: =IF(AND($U33<=8,$V33>=8),"■","") -> ■ | AJ33: =IF(AND($U33<=9,$V33>=9),"■","") -> ■ | AK33: =IF(AND($U33<=10,$V33>=10),"■","") | AL33: =IF(AND($U33<=11,$V33>=11),"■","") | AM33: =IF(AND($U33<=12,$V33>=12),"■","") | AN33: =IF(AND($U33<=13,$V33>=13),"■","") | AO33: =IF(AND($U33<=14,$V33>=14),"■","") | AP33: =IF(AND($U33<=15,$V33>=15),"■","") | AQ33: =IF(AND($U33<=16,$V33>=16),"■","") | AR33: C-2
B34: 3 | C34: Pekerjaan pasang rangka kolom dan atap area parkir + penutup + talang | D34: Rangka menggunakan besi CNP 100 double+talang+cat ftalit royal blue+atap zincalum 0,3 mm ex. Kencana | E34: 40 | F34: m² | G34: 275000 | H34: =E34*G34 -> 11000000 | I34: 3908731694 | J34: =H34/I34*100 -> 0.28142121 | U34: 7 | V34: 9 | W34: =MAX(1,V34-U34+1) -> 3 | X34: {=INDEX('KALENDER MINGGU'!$B$6:$B$21,U34)} -> 46268 | Y34: {=INDEX('KALENDER MINGGU'!$C$6:$C$21,V34)} -> 46288 | AB34: =IF(AND($U34<=1,$V34>=1),"■","") | AC34: =IF(AND($U34<=2,$V34>=2),"■","") | AD34: =IF(AND($U34<=3,$V34>=3),"■","") | AE34: =IF(AND($U34<=4,$V34>=4),"■","") | AF34: =IF(AND($U34<=5,$V34>=5),"■","") | AG34: =IF(AND($U34<=6,$V34>=6),"■","") | AH34: =IF(AND($U34<=7,$V34>=7),"■","") -> ■ | AI34: =IF(AND($U34<=8,$V34>=8),"■","") -> ■ | AJ34: =IF(AND($U34<=9,$V34>=9),"■","") -> ■ | AK34: =IF(AND($U34<=10,$V34>=10),"■","") | AL34: =IF(AND($U34<=11,$V34>=11),"■","") | AM34: =IF(AND($U34<=12,$V34>=12),"■","") | AN34: =IF(AND($U34<=13,$V34>=13),"■","") | AO34: =IF(AND($U34<=14,$V34>=14),"■","") | AP34: =IF(AND($U34<=15,$V34>=15),"■","") | AQ34: =IF(AND($U34<=16,$V34>=16),"■","") | AR34: C-3
B35: 4 | C35: Pemasangan atap transparan di area tambahan | D35: polycarbonate transparan | E35: 14 | F35: m² | G35: 160000 | H35: =E35*G35 -> 2240000 | I35: 3908731694 | J35: =H35/I35*100 -> 0.057307592 | U35: 7 | V35: 9 | W35: =MAX(1,V35-U35+1) -> 3 | X35: {=INDEX('KALENDER MINGGU'!$B$6:$B$21,U35)} -> 46268 | Y35: {=INDEX('KALENDER MINGGU'!$C$6:$C$21,V35)} -> 46288 | AB35: =IF(AND($U35<=1,$V35>=1),"■","") | AC35: =IF(AND($U35<=2,$V35>=2),"■","") | AD35: =IF(AND($U35<=3,$V35>=3),"■","") | AE35: =IF(AND($U35<=4,$V35>=4),"■","") | AF35: =IF(AND($U35<=5,$V35>=5),"■","") | AG35: =IF(AND($U35<=6,$V35>=6),"■","") | AH35: =IF(AND($U35<=7,$V35>=7),"■","") -> ■ | AI35: =IF(AND($U35<=8,$V35>=8),"■","") -> ■ | AJ35: =IF(AND($U35<=9,$V35>=9),"■","") -> ■ | AK35: =IF(AND($U35<=10,$V35>=10),"■","") | AL35: =IF(AND($U35<=11,$V35>=11),"■","") | AM35: =IF(AND($U35<=12,$V35>=12),"■","") | AN35: =IF(AND($U35<=13,$V35>=13),"■","") | AO35: =IF(AND($U35<=14,$V35>=14),"■","") | AP35: =IF(AND($U35<=15,$V35>=15),"■","") | AQ35: =IF(AND($U35<=16,$V35>=16),"■","") | AR35: C-4
B36: 5 | C36: Pemadatan dan peninggian lantai parkir | D36: Peninggian dengan pasir 10cm + pemadatan | E36: 185 | F36: m² | G36: 150000 | H36: =E36*G36 -> 27750000 | I36: 3908731694 | J36: =H36/I36*100 -> 0.70994896 | U36: 7 | V36: 10 | W36: =MAX(1,V36-U36+1) -> 4 | X36: {=INDEX('KALENDER MINGGU'!$B$6:$B$21,U36)} -> 46268 | Y36: {=INDEX('KALENDER MINGGU'!$C$6:$C$21,V36)} -> 46295 | AB36: =IF(AND($U36<=1,$V36>=1),"■","") | AC36: =IF(AND($U36<=2,$V36>=2),"■","") | AD36: =IF(AND($U36<=3,$V36>=3),"■","") | AE36: =IF(AND($U36<=4,$V36>=4),"■","") | AF36: =IF(AND($U36<=5,$V36>=5),"■","") | AG36: =IF(AND($U36<=6,$V36>=6),"■","") | AH36: =IF(AND($U36<=7,$V36>=7),"■","") -> ■ | AI36: =IF(AND($U36<=8,$V36>=8),"■","") -> ■ | AJ36: =IF(AND($U36<=9,$V36>=9),"■","") -> ■ | AK36: =IF(AND($U36<=10,$V36>=10),"■","") -> ■ | AL36: =IF(AND($U36<=11,$V36>=11),"■","") | AM36: =IF(AND($U36<=12,$V36>=12),"■","") | AN36: =IF(AND($U36<=13,$V36>=13),"■","") | AO36: =IF(AND($U36<=14,$V36>=14),"■","") | AP36: =IF(AND($U36<=15,$V36>=15),"■","") | AQ36: =IF(AND($U36<=16,$V36>=16),"■","") | AR36: C-5
B37: 6 | C37: Pasang paving block lantai parkir | D37: Paving blok K-150 tebal 6 cm | E37: 93 | F37: m² | G37: 185000 | H37: =E37*G37 -> 17205000 | I37: 3908731694 | J37: =H37/I37*100 -> 0.44016836 | U37: 8 | V37: 10 | W37: =MAX(1,V37-U37+1) -> 3 | X37: {=INDEX('KALENDER MINGGU'!$B$6:$B$21,U37)} -> 46275 | Y37: {=INDEX('KALENDER MINGGU'!$C$6:$C$21,V37)} -> 46295 | AB37: =IF(AND($U37<=1,$V37>=1),"■","") | AC37: =IF(AND($U37<=2,$V37>=2),"■","") | AD37: =IF(AND($U37<=3,$V37>=3),"■","") | AE37: =IF(AND($U37<=4,$V37>=4),"■","") | AF37: =IF(AND($U37<=5,$V37>=5),"■","") | AG37: =IF(AND($U37<=6,$V37>=6),"■","") | AH37: =IF(AND($U37<=7,$V37>=7),"■","") | AI37: =IF(AND($U37<=8,$V37>=8),"■","") -> ■ | AJ37: =IF(AND($U37<=9,$V37>=9),"■","") -> ■ | AK37: =IF(AND($U37<=10,$V37>=10),"■","") -> ■ | AL37: =IF(AND($U37<=11,$V37>=11),"■","") | AM37: =IF(AND($U37<=12,$V37>=12),"■","") | AN37: =IF(AND($U37<=13,$V37>=13),"■","") | AO37: =IF(AND($U37<=14,$V37>=14),"■","") | AP37: =IF(AND($U37<=15,$V37>=15),"■","") | AQ37: =IF(AND($U37<=16,$V37>=16),"■","") | AR37: C-6
B38: 7 | C38: Instalasi penerangan + downlight exposed + bohlam 12 w | D38: Kabel ex. Eterna+rumah lampu | E38: 10 | F38: unit | G38: 364000 | H38: =E38*G38 -> 3640000 | I38: 3908731694 | J38: =H38/I38*100 -> 0.093124837 | U38: 9 | V38: 10 | W38: =MAX(1,V38-U38+1) -> 2 | X38: {=INDEX('KALENDER MINGGU'!$B$6:$B$21,U38)} -> 46282 | Y38: {=INDEX('KALENDER MINGGU'!$C$6:$C$21,V38)} -> 46295 | AB38: =IF(AND($U38<=1,$V38>=1),"■","") | AC38: =IF(AND($U38<=2,$V38>=2),"■","") | AD38: =IF(AND($U38<=3,$V38>=3),"■","") | AE38: =IF(AND($U38<=4,$V38>=4),"■","") | AF38: =IF(AND($U38<=5,$V38>=5),"■","") | AG38: =IF(AND($U38<=6,$V38>=6),"■","") | AH38: =IF(AND($U38<=7,$V38>=7),"■","") | AI38: =IF(AND($U38<=8,$V38>=8),"■","") | AJ38: =IF(AND($U38<=9,$V38>=9),"■","") -> ■ | AK38: =IF(AND($U38<=10,$V38>=10),"■","") -> ■ | AL38: =IF(AND($U38<=11,$V38>=11),"■","") | AM38: =IF(AND($U38<=12,$V38>=12),"■","") | AN38: =IF(AND($U38<=13,$V38>=13),"■","") | AO38: =IF(AND($U38<=14,$V38>=14),"■","") | AP38: =IF(AND($U38<=15,$V38>=15),"■","") | AQ38: =IF(AND($U38<=16,$V38>=16),"■","") | AR38: C-7
B39: 8 | C39: Perapian kabel existing dan dinding existing | D39: Pasang kabel tray + perapian dinding | E39: 1 | F39: Is | G39: 4500000 | H39: =E39*G39 -> 4500000 | I39: 3908731694 | J39: =H39/I39*100 -> 0.11512686 | U39: 9 | V39: 10 | W39: =MAX(1,V39-U39+1) -> 2 | X39: {=INDEX('KALENDER MINGGU'!$B$6:$B$21,U39)} -> 46282 | Y39: {=INDEX('KALENDER MINGGU'!$C$6:$C$21,V39)} -> 46295 | AB39: =IF(AND($U39<=1,$V39>=1),"■","") | AC39: =IF(AND($U39<=2,$V39>=2),"■","") | AD39: =IF(AND($U39<=3,$V39>=3),"■","") | AE39: =IF(AND($U39<=4,$V39>=4),"■","") | AF39: =IF(AND($U39<=5,$V39>=5),"■","") | AG39: =IF(AND($U39<=6,$V39>=6),"■","") | AH39: =IF(AND($U39<=7,$V39>=7),"■","") | AI39: =IF(AND($U39<=8,$V39>=8),"■","") | AJ39: =IF(AND($U39<=9,$V39>=9),"■","") -> ■ | AK39: =IF(AND($U39<=10,$V39>=10),"■","") -> ■ | AL39: =IF(AND($U39<=11,$V39>=11),"■","") | AM39: =IF(AND($U39<=12,$V39>=12),"■","") | AN39: =IF(AND($U39<=13,$V39>=13),"■","") | AO39: =IF(AND($U39<=14,$V39>=14),"■","") | AP39: =IF(AND($U39<=15,$V39>=15),"■","") | AQ39: =IF(AND($U39<=16,$V39>=16),"■","") | AR39: C-8
B40: 9 | C40: Pembuatan saluran bawah paving | D40: sudetan 4" | E40: 6 | F40: Is | G40: 600000 | H40: =E40*G40 -> 3600000 | I40: 3908731694 | J40: =H40/I40*100 -> 0.092101487 | U40: 7 | V40: 9 | W40: =MAX(1,V40-U40+1) -> 3 | X40: {=INDEX('KALENDER MINGGU'!$B$6:$B$21,U40)} -> 46268 | Y40: {=INDEX('KALENDER MINGGU'!$C$6:$C$21,V40)} -> 46288 | AB40: =IF(AND($U40<=1,$V40>=1),"■","") | AC40: =IF(AND($U40<=2,$V40>=2),"■","") | AD40: =IF(AND($U40<=3,$V40>=3),"■","") | AE40: =IF(AND($U40<=4,$V40>=4),"■","") | AF40: =IF(AND($U40<=5,$V40>=5),"■","") | AG40: =IF(AND($U40<=6,$V40>=6),"■","") | AH40: =IF(AND($U40<=7,$V40>=7),"■","") -> ■ | AI40: =IF(AND($U40<=8,$V40>=8),"■","") -> ■ | AJ40: =IF(AND($U40<=9,$V40>=9),"■","") -> ■ | AK40: =IF(AND($U40<=10,$V40>=10),"■","") | AL40: =IF(AND($U40<=11,$V40>=11),"■","") | AM40: =IF(AND($U40<=12,$V40>=12),"■","") | AN40: =IF(AND($U40<=13,$V40>=13),"■","") | AO40: =IF(AND($U40<=14,$V40>=14),"■","") | AP40: =IF(AND($U40<=15,$V40>=15),"■","") | AQ40: =IF(AND($U40<=16,$V40>=16),"■","") | AR40: C-9
B41: 10 | C41: Pembongkaran besi kerangkeng motor | D41: inc buang | E41: 1 | F41: Is | G41: 1000000 | H41: =E41*G41 -> 1000000 | I41: 3908731694 | J41: =H41/I41*100 -> 0.025583746 | U41: 9 | V41: 10 | W41: =MAX(1,V41-U41+1) -> 2 | X41: {=INDEX('KALENDER MINGGU'!$B$6:$B$21,U41)} -> 46282 | Y41: {=INDEX('KALENDER MINGGU'!$C$6:$C$21,V41)} -> 46295 | AB41: =IF(AND($U41<=1,$V41>=1),"■","") | AC41: =IF(AND($U41<=2,$V41>=2),"■","") | AD41: =IF(AND($U41<=3,$V41>=3),"■","") | AE41: =IF(AND($U41<=4,$V41>=4),"■","") | AF41: =IF(AND($U41<=5,$V41>=5),"■","") | AG41: =IF(AND($U41<=6,$V41>=6),"■","") | AH41: =IF(AND($U41<=7,$V41>=7),"■","") | AI41: =IF(AND($U41<=8,$V41>=8),"■","") | AJ41: =IF(AND($U41<=9,$V41>=9),"■","") -> ■ | AK41: =IF(AND($U41<=10,$V41>=10),"■","") -> ■ | AL41: =IF(AND($U41<=11,$V41>=11),"■","") | AM41: =IF(AND($U41<=12,$V41>=12),"■","") | AN41: =IF(AND($U41<=13,$V41>=13),"■","") | AO41: =IF(AND($U41<=14,$V41>=14),"■","") | AP41: =IF(AND($U41<=15,$V41>=15),"■","") | AQ41: =IF(AND($U41<=16,$V41>=16),"■","") | AR41: C-10
H42: =SUM(H32:H41) -> 75810000 | I42: 3908731694 | J42: =H42/I42*100 -> 1.9395038 | U42: =MIN(U32:U41) -> 7 | V42: =MAX(V32:V41) -> 10 | W42: =MAX(1,V42-U42+1) -> 4 | X42: {=INDEX('KALENDER MINGGU'!$B$6:$B$21,U42)} -> 46268 | Y42: {=INDEX('KALENDER MINGGU'!$C$6:$C$21,V42)} -> 46295 | Z42: =SUM(TS!M18:AB18)/TS!L17*100 -> 1.5235457 | AA42: =IF(Z42>=99.9,"COMPLETED",IF(U42>'RENCANA MINGGUAN'!$J$7,"NOT STARTED",IF(V42<'RENCANA MINGGUAN'!$J$7,"CRITICAL",IF(Z42+1<W42,"DELAYED","ON SCHEDULE")))) -> DELAYED | AB42: =IF(AND(U42<=1,V42>=1),"■","") | AC42: =IF(AND(U42<=2,V42>=2),"■","") | AD42: =IF(AND(U42<=3,V42>=3),"■","") | AE42: =IF(AND(U42<=4,V42>=4),"■","") | AF42: =IF(AND(U42<=5,V42>=5),"■","") | AG42: =IF(AND(U42<=6,V42>=6),"■","") | AH42: =IF(AND(U42<=7,V42>=7),"■","") -> ■ | AI42: =IF(AND(U42<=8,V42>=8),"■","") -> ■ | AJ42: =IF(AND(U42<=9,V42>=9),"■","") -> ■ | AK42: =IF(AND(U42<=10,V42>=10),"■","") -> ■ | AL42: =IF(AND(U42<=11,V42>=11),"■","") | AM42: =IF(AND(U42<=12,V42>=12),"■","") | AN42: =IF(AND(U42<=13,V42>=13),"■","") | AO42: =IF(AND(U42<=14,V42>=14),"■","") | AP42: =IF(AND(U42<=15,V42>=15),"■","") | AQ42: =IF(AND(U42<=16,V42>=16),"■","")
H43: =E43*G43 -> 0
B44: D | C44: PEKERJAAN PAGAR SAMPING P 40M x T 2,1M | H44: =E44*G44 -> 0
B45: 1 | C45: Pekerjaan bongkaran dinding pagar existing | D45: Termasuk pembuangan bekas bongkaran | E45: 88 | F45: m² | G45: 55000 | H45: =E45*G45 -> 4840000 | I45: 3908731694 | J45: =H45/I45*100 -> 0.12382533 | U45: 4 | V45: 7 | W45: =MAX(1,V45-U45+1) -> 4 | X45: {=INDEX('KALENDER MINGGU'!$B$6:$B$21,U45)} -> 46247 | Y45: {=INDEX('KALENDER MINGGU'!$C$6:$C$21,V45)} -> 46274 | AB45: =IF(AND($U45<=1,$V45>=1),"■","") | AC45: =IF(AND($U45<=2,$V45>=2),"■","") | AD45: =IF(AND($U45<=3,$V45>=3),"■","") | AE45: =IF(AND($U45<=4,$V45>=4),"■","") -> ■ | AF45: =IF(AND($U45<=5,$V45>=5),"■","") -> ■ | AG45: =IF(AND($U45<=6,$V45>=6),"■","") -> ■ | AH45: =IF(AND($U45<=7,$V45>=7),"■","") -> ■ | AI45: =IF(AND($U45<=8,$V45>=8),"■","") | AJ45: =IF(AND($U45<=9,$V45>=9),"■","") | AK45: =IF(AND($U45<=10,$V45>=10),"■","") | AL45: =IF(AND($U45<=11,$V45>=11),"■","") | AM45: =IF(AND($U45<=12,$V45>=12),"■","") | AN45: =IF(AND($U45<=13,$V45>=13),"■","") | AO45: =IF(AND($U45<=14,$V45>=14),"■","") | AP45: =IF(AND($U45<=15,$V45>=15),"■","") | AQ45: =IF(AND($U45<=16,$V45>=16),"■","") | AR45: D-1
B46: 2 | C46: Pekerjaan pasangan pagar precast sisi barat | D46: Perbaikan dinding lama diluruskan kembali | E46: 90 | F46: m² | G46: 395000 | H46: =E46*G46 -> 35550000 | I46: 3908731694 | J46: =H46/I46*100 -> 0.90950218 | U46: 6 | V46: 10 | W46: =MAX(1,V46-U46+1) -> 5 | X46: {=INDEX('KALENDER MINGGU'!$B$6:$B$21,U46)} -> 46261 | Y46: {=INDEX('KALENDER MINGGU'!$C$6:$C$21,V46)} -> 46295 | AB46: =IF(AND($U46<=1,$V46>=1),"■","") | AC46: =IF(AND($U46<=2,$V46>=2),"■","") | AD46: =IF(AND($U46<=3,$V46>=3),"■","") | AE46: =IF(AND($U46<=4,$V46>=4),"■","") | AF46: =IF(AND($U46<=5,$V46>=5),"■","") | AG46: =IF(AND($U46<=6,$V46>=6),"■","") -> ■ | AH46: =IF(AND($U46<=7,$V46>=7),"■","") -> ■ | AI46: =IF(AND($U46<=8,$V46>=8),"■","") -> ■ | AJ46: =IF(AND($U46<=9,$V46>=9),"■","") -> ■ | AK46: =IF(AND($U46<=10,$V46>=10),"■","") -> ■ | AL46: =IF(AND($U46<=11,$V46>=11),"■","") | AM46: =IF(AND($U46<=12,$V46>=12),"■","") | AN46: =IF(AND($U46<=13,$V46>=13),"■","") | AO46: =IF(AND($U46<=14,$V46>=14),"■","") | AP46: =IF(AND($U46<=15,$V46>=15),"■","") | AQ46: =IF(AND($U46<=16,$V46>=16),"■","") | AR46: D-2
B47: 3 | C47: Pasang rangka kawat razor | H47: =E47*G47 -> 0 | I47: 3908731694 | J47: =H47/I47*100 -> 0 | U47: 7 | V47: 13 | W47: =MAX(1,V47-U47+1) -> 7 | X47: {=INDEX('KALENDER MINGGU'!$B$6:$B$21,U47)} -> 46268 | Y47: {=INDEX('KALENDER MINGGU'!$C$6:$C$21,V47)} -> 46316 | AB47: =IF(AND($U47<=1,$V47>=1),"■","") | AC47: =IF(AND($U47<=2,$V47>=2),"■","") | AD47: =IF(AND($U47<=3,$V47>=3),"■","") | AE47: =IF(AND($U47<=4,$V47>=4),"■","") | AF47: =IF(AND($U47<=5,$V47>=5),"■","") | AG47: =IF(AND($U47<=6,$V47>=6),"■","") | AH47: =IF(AND($U47<=7,$V47>=7),"■","") -> ■ | AI47: =IF(AND($U47<=8,$V47>=8),"■","") -> ■ | AJ47: =IF(AND($U47<=9,$V47>=9),"■","") -> ■ | AK47: =IF(AND($U47<=10,$V47>=10),"■","") -> ■ | AL47: =IF(AND($U47<=11,$V47>=11),"■","") -> ■ | AM47: =IF(AND($U47<=12,$V47>=12),"■","") -> ■ | AN47: =IF(AND($U47<=13,$V47>=13),"■","") -> ■ | AO47: =IF(AND($U47<=14,$V47>=14),"■","") | AP47: =IF(AND($U47<=15,$V47>=15),"■","") | AQ47: =IF(AND($U47<=16,$V47>=16),"■","") | AR47: D-3
C48: ex. Besi siku Uk. 40x40x4 mm | D48: Ex. Besi siku uk. 40x40x4 mm +fin cat | E48: 352 | F48: titik | G48: 125000 | H48: =E48*G48 -> 44000000 | I48: 3908731694 | J48: =H48/I48*100 -> 1.1256848 | U48: 7 | V48: 13 | W48: =MAX(1,V48-U48+1) -> 7 | X48: {=INDEX('KALENDER MINGGU'!$B$6:$B$21,U48)} -> 46268 | Y48: {=INDEX('KALENDER MINGGU'!$C$6:$C$21,V48)} -> 46316 | AB48: =IF(AND($U48<=1,$V48>=1),"■","") | AC48: =IF(AND($U48<=2,$V48>=2),"■","") | AD48: =IF(AND($U48<=3,$V48>=3),"■","") | AE48: =IF(AND($U48<=4,$V48>=4),"■","") | AF48: =IF(AND($U48<=5,$V48>=5),"■","") | AG48: =IF(AND($U48<=6,$V48>=6),"■","") | AH48: =IF(AND($U48<=7,$V48>=7),"■","") -> ■ | AI48: =IF(AND($U48<=8,$V48>=8),"■","") -> ■ | AJ48: =IF(AND($U48<=9,$V48>=9),"■","") -> ■ | AK48: =IF(AND($U48<=10,$V48>=10),"■","") -> ■ | AL48: =IF(AND($U48<=11,$V48>=11),"■","") -> ■ | AM48: =IF(AND($U48<=12,$V48>=12),"■","") -> ■ | AN48: =IF(AND($U48<=13,$V48>=13),"■","") -> ■ | AO48: =IF(AND($U48<=14,$V48>=14),"■","") | AP48: =IF(AND($U48<=15,$V48>=15),"■","") | AQ48: =IF(AND($U48<=16,$V48>=16),"■","") | AR48: D-4
B49: 4 | C49: Pasang kawat razor (diameter gulungan 45-50 cm) | D49: Kawat razor (diameter gulungan 45-50 cm) | E49: 528 | F49: m' | G49: 85000 | H49: =E49*G49 -> 44880000 | I49: 3908731694 | J49: =H49/I49*100 -> 1.1481985 | U49: 7 | V49: 13 | W49: =MAX(1,V49-U49+1) -> 7 | X49: {=INDEX('KALENDER MINGGU'!$B$6:$B$21,U49)} -> 46268 | Y49: {=INDEX('KALENDER MINGGU'!$C$6:$C$21,V49)} -> 46316 | AB49: =IF(AND($U49<=1,$V49>=1),"■","") | AC49: =IF(AND($U49<=2,$V49>=2),"■","") | AD49: =IF(AND($U49<=3,$V49>=3),"■","") | AE49: =IF(AND($U49<=4,$V49>=4),"■","") | AF49: =IF(AND($U49<=5,$V49>=5),"■","") | AG49: =IF(AND($U49<=6,$V49>=6),"■","") | AH49: =IF(AND($U49<=7,$V49>=7),"■","") -> ■ | AI49: =IF(AND($U49<=8,$V49>=8),"■","") -> ■ | AJ49: =IF(AND($U49<=9,$V49>=9),"■","") -> ■ | AK49: =IF(AND($U49<=10,$V49>=10),"■","") -> ■ | AL49: =IF(AND($U49<=11,$V49>=11),"■","") -> ■ | AM49: =IF(AND($U49<=12,$V49>=12),"■","") -> ■ | AN49: =IF(AND($U49<=13,$V49>=13),"■","") -> ■ | AO49: =IF(AND($U49<=14,$V49>=14),"■","") | AP49: =IF(AND($U49<=15,$V49>=15),"■","") | AQ49: =IF(AND($U49<=16,$V49>=16),"■","") | AR49: D-5
H50: =SUM(H45:H49) -> 129270000 | I50: 3908731694 | J50: =H50/I50*100 -> 3.3072109 | U50: =MIN(U45:U49) -> 4 | V50: =MAX(V45:V49) -> 13 | W50: =MAX(1,V50-U50+1) -> 10 | X50: {=INDEX('KALENDER MINGGU'!$B$6:$B$21,U50)} -> 46247 | Y50: {=INDEX('KALENDER MINGGU'!$C$6:$C$21,V50)} -> 46316 | Z50: =SUM(TS!M20:AB20)/TS!L19*100 -> 22.688946 | AA50: =IF(Z50>=99.9,"COMPLETED",IF(U50>'RENCANA MINGGUAN'!$J$7,"NOT STARTED",IF(V50<'RENCANA MINGGUAN'!$J$7,"CRITICAL",IF(Z50+1<W50,"DELAYED","ON SCHEDULE")))) -> ON SCHEDULE | AB50: =IF(AND(U50<=1,V50>=1),"■","") | AC50: =IF(AND(U50<=2,V50>=2),"■","") | AD50: =IF(AND(U50<=3,V50>=3),"■","") | AE50: =IF(AND(U50<=4,V50>=4),"■","") -> ■ | AF50: =IF(AND(U50<=5,V50>=5),"■","") -> ■ | AG50: =IF(AND(U50<=6,V50>=6),"■","") -> ■ | AH50: =IF(AND(U50<=7,V50>=7),"■","") -> ■ | AI50: =IF(AND(U50<=8,V50>=8),"■","") -> ■ | AJ50: =IF(AND(U50<=9,V50>=9),"■","") -> ■ | AK50: =IF(AND(U50<=10,V50>=10),"■","") -> ■ | AL50: =IF(AND(U50<=11,V50>=11),"■","") -> ■ | AM50: =IF(AND(U50<=12,V50>=12),"■","") -> ■ | AN50: =IF(AND(U50<=13,V50>=13),"■","") -> ■ | AO50: =IF(AND(U50<=14,V50>=14),"■","") | AP50: =IF(AND(U50<=15,V50>=15),"■","") | AQ50: =IF(AND(U50<=16,V50>=16),"■","")
H51: =E51*G51 -> 0
B52: E | C52: PEKERJAAN PAGAR DEPAN PJ,70 M, TINGGI 150 CM | H52: =E52*G52 -> 0
B53: 1 | C53: Pekerjaan refinishing pagar depan | D53: Cat dinding exterior ex. Dulux Catylac setara | E53: 85 | F53: m² | G53: 61100 | H53: =E53*G53 -> 5193500 | I53: 3908731694 | J53: =H53/I53*100 -> 0.13286919 | U53: 13 | V53: 14 | W53: =MAX(1,V53-U53+1) -> 2 | X53: {=INDEX('KALENDER MINGGU'!$B$6:$B$21,U53)} -> 46310 | Y53: {=INDEX('KALENDER MINGGU'!$C$6:$C$21,V53)} -> 46323 | AB53: =IF(AND($U53<=1,$V53>=1),"■","") | AC53: =IF(AND($U53<=2,$V53>=2),"■","") | AD53: =IF(AND($U53<=3,$V53>=3),"■","") | AE53: =IF(AND($U53<=4,$V53>=4),"■","") | AF53: =IF(AND($U53<=5,$V53>=5),"■","") | AG53: =IF(AND($U53<=6,$V53>=6),"■","") | AH53: =IF(AND($U53<=7,$V53>=7),"■","") | AI53: =IF(AND($U53<=8,$V53>=8),"■","") | AJ53: =IF(AND($U53<=9,$V53>=9),"■","") | AK53: =IF(AND($U53<=10,$V53>=10),"■","") | AL53: =IF(AND($U53<=11,$V53>=11),"■","") | AM53: =IF(AND($U53<=12,$V53>=12),"■","") | AN53: =IF(AND($U53<=13,$V53>=13),"■","") -> ■ | AO53: =IF(AND($U53<=14,$V53>=14),"■","") -> ■ | AP53: =IF(AND($U53<=15,$V53>=15),"■","") | AQ53: =IF(AND($U53<=16,$V53>=16),"■","") | AR53: E-1
B54: 2 | C54: Pekerjaan refinishing pintu dan tralis pagar depan | D54: Cat ftalit royal blue | E54: 100 | F54: m² | G54: 85000 | H54: =E54*G54 -> 8500000 | I54: 3908731694 | J54: =H54/I54*100 -> 0.21746184 | U54: 13 | V54: 14 | W54: =MAX(1,V54-U54+1) -> 2 | X54: {=INDEX('KALENDER MINGGU'!$B$6:$B$21,U54)} -> 46310 | Y54: {=INDEX('KALENDER MINGGU'!$C$6:$C$21,V54)} -> 46323 | AB54: =IF(AND($U54<=1,$V54>=1),"■","") | AC54: =IF(AND($U54<=2,$V54>=2),"■","") | AD54: =IF(AND($U54<=3,$V54>=3),"■","") | AE54: =IF(AND($U54<=4,$V54>=4),"■","") | AF54: =IF(AND($U54<=5,$V54>=5),"■","") | AG54: =IF(AND($U54<=6,$V54>=6),"■","") | AH54: =IF(AND($U54<=7,$V54>=7),"■","") | AI54: =IF(AND($U54<=8,$V54>=8),"■","") | AJ54: =IF(AND($U54<=9,$V54>=9),"■","") | AK54: =IF(AND($U54<=10,$V54>=10),"■","") | AL54: =IF(AND($U54<=11,$V54>=11),"■","") | AM54: =IF(AND($U54<=12,$V54>=12),"■","") | AN54: =IF(AND($U54<=13,$V54>=13),"■","") -> ■ | AO54: =IF(AND($U54<=14,$V54>=14),"■","") -> ■ | AP54: =IF(AND($U54<=15,$V54>=15),"■","") | AQ54: =IF(AND($U54<=16,$V54>=16),"■","") | AR54: E-2
B55: 3 | C55: Pekerjaan pintu boom gate pintu utama | H55: =E55*G55 -> 0 | I55: 3908731694 | J55: =H55/I55*100 -> 0 | U55: 13 | V55: 14 | W55: =MAX(1,V55-U55+1) -> 2 | X55: {=INDEX('KALENDER MINGGU'!$B$6:$B$21,U55)} -> 46310 | Y55: {=INDEX('KALENDER MINGGU'!$C$6:$C$21,V55)} -> 46323 | AB55: =IF(AND($U55<=1,$V55>=1),"■","") | AC55: =IF(AND($U55<=2,$V55>=2),"■","") | AD55: =IF(AND($U55<=3,$V55>=3),"■","") | AE55: =IF(AND($U55<=4,$V55>=4),"■","") | AF55: =IF(AND($U55<=5,$V55>=5),"■","") | AG55: =IF(AND($U55<=6,$V55>=6),"■","") | AH55: =IF(AND($U55<=7,$V55>=7),"■","") | AI55: =IF(AND($U55<=8,$V55>=8),"■","") | AJ55: =IF(AND($U55<=9,$V55>=9),"■","") | AK55: =IF(AND($U55<=10,$V55>=10),"■","") | AL55: =IF(AND($U55<=11,$V55>=11),"■","") | AM55: =IF(AND($U55<=12,$V55>=12),"■","") | AN55: =IF(AND($U55<=13,$V55>=13),"■","") -> ■ | AO55: =IF(AND($U55<=14,$V55>=14),"■","") -> ■ | AP55: =IF(AND($U55<=15,$V55>=15),"■","") | AQ55: =IF(AND($U55<=16,$V55>=16),"■","") | AR55: E-3
C56: pondasi struktur boom gate | E56: 1 | F56: ls | G56: 4000000 | H56: =E56*G56 -> 4000000 | I56: 3908731694 | J56: =H56/I56*100 -> 0.10233499 | U56: 13 | V56: 14 | W56: =MAX(1,V56-U56+1) -> 2 | X56: {=INDEX('KALENDER MINGGU'!$B$6:$B$21,U56)} -> 46310 | Y56: {=INDEX('KALENDER MINGGU'!$C$6:$C$21,V56)} -> 46323 | AB56: =IF(AND($U56<=1,$V56>=1),"■","") | AC56: =IF(AND($U56<=2,$V56>=2),"■","") | AD56: =IF(AND($U56<=3,$V56>=3),"■","") | AE56: =IF(AND($U56<=4,$V56>=4),"■","") | AF56: =IF(AND($U56<=5,$V56>=5),"■","") | AG56: =IF(AND($U56<=6,$V56>=6),"■","") | AH56: =IF(AND($U56<=7,$V56>=7),"■","") | AI56: =IF(AND($U56<=8,$V56>=8),"■","") | AJ56: =IF(AND($U56<=9,$V56>=9),"■","") | AK56: =IF(AND($U56<=10,$V56>=10),"■","") | AL56: =IF(AND($U56<=11,$V56>=11),"■","") | AM56: =IF(AND($U56<=12,$V56>=12),"■","") | AN56: =IF(AND($U56<=13,$V56>=13),"■","") -> ■ | AO56: =IF(AND($U56<=14,$V56>=14),"■","") -> ■ | AP56: =IF(AND($U56<=15,$V56>=15),"■","") | AQ56: =IF(AND($U56<=16,$V56>=16),"■","") | AR56: E-4
C57: Boom gate 6m | D57: button manual | E57: 1 | F57: ls | G57: 30000000 | H57: =E57*G57 -> 30000000 | I57: 3908731694 | J57: =H57/I57*100 -> 0.76751239 | U57: 13 | V57: 14 | W57: =MAX(1,V57-U57+1) -> 2 | X57: {=INDEX('KALENDER MINGGU'!$B$6:$B$21,U57)} -> 46310 | Y57: {=INDEX('KALENDER MINGGU'!$C$6:$C$21,V57)} -> 46323 | AB57: =IF(AND($U57<=1,$V57>=1),"■","") | AC57: =IF(AND($U57<=2,$V57>=2),"■","") | AD57: =IF(AND($U57<=3,$V57>=3),"■","") | AE57: =IF(AND($U57<=4,$V57>=4),"■","") | AF57: =IF(AND($U57<=5,$V57>=5),"■","") | AG57: =IF(AND($U57<=6,$V57>=6),"■","") | AH57: =IF(AND($U57<=7,$V57>=7),"■","") | AI57: =IF(AND($U57<=8,$V57>=8),"■","") | AJ57: =IF(AND($U57<=9,$V57>=9),"■","") | AK57: =IF(AND($U57<=10,$V57>=10),"■","") | AL57: =IF(AND($U57<=11,$V57>=11),"■","") | AM57: =IF(AND($U57<=12,$V57>=12),"■","") | AN57: =IF(AND($U57<=13,$V57>=13),"■","") -> ■ | AO57: =IF(AND($U57<=14,$V57>=14),"■","") -> ■ | AP57: =IF(AND($U57<=15,$V57>=15),"■","") | AQ57: =IF(AND($U57<=16,$V57>=16),"■","") | AR57: E-5
C58: instalasi listrik | E58: 1 | F58: ls | G58: 2500000 | H58: =E58*G58 -> 2500000 | I58: 3908731694 | J58: =H58/I58*100 -> 0.063959366 | U58: 13 | V58: 14 | W58: =MAX(1,V58-U58+1) -> 2 | X58: {=INDEX('KALENDER MINGGU'!$B$6:$B$21,U58)} -> 46310 | Y58: {=INDEX('KALENDER MINGGU'!$C$6:$C$21,V58)} -> 46323 | AB58: =IF(AND($U58<=1,$V58>=1),"■","") | AC58: =IF(AND($U58<=2,$V58>=2),"■","") | AD58: =IF(AND($U58<=3,$V58>=3),"■","") | AE58: =IF(AND($U58<=4,$V58>=4),"■","") | AF58: =IF(AND($U58<=5,$V58>=5),"■","") | AG58: =IF(AND($U58<=6,$V58>=6),"■","") | AH58: =IF(AND($U58<=7,$V58>=7),"■","") | AI58: =IF(AND($U58<=8,$V58>=8),"■","") | AJ58: =IF(AND($U58<=9,$V58>=9),"■","") | AK58: =IF(AND($U58<=10,$V58>=10),"■","") | AL58: =IF(AND($U58<=11,$V58>=11),"■","") | AM58: =IF(AND($U58<=12,$V58>=12),"■","") | AN58: =IF(AND($U58<=13,$V58>=13),"■","") -> ■ | AO58: =IF(AND($U58<=14,$V58>=14),"■","") -> ■ | AP58: =IF(AND($U58<=15,$V58>=15),"■","") | AQ58: =IF(AND($U58<=16,$V58>=16),"■","") | AR58: E-6
H59: =SUM(H53:H58) -> 50193500 | I59: 3908731694 | J59: =H59/I59*100 -> 1.2841378 | U59: =MIN(U53:U58) -> 13 | V59: =MAX(V53:V58) -> 14 | W59: =MAX(1,V59-U59+1) -> 2 | X59: {=INDEX('KALENDER MINGGU'!$B$6:$B$21,U59)} -> 46310 | Y59: {=INDEX('KALENDER MINGGU'!$C$6:$C$21,V59)} -> 46323 | Z59: =SUM(TS!M22:AB22)/TS!L21*100 -> 24.450178 | AA59: =IF(Z59>=99.9,"COMPLETED",IF(U59>'RENCANA MINGGUAN'!$J$7,"NOT STARTED",IF(V59<'RENCANA MINGGUAN'!$J$7,"CRITICAL",IF(Z59+1<W59,"DELAYED","ON SCHEDULE")))) -> NOT STARTED | AB59: =IF(AND(U59<=1,V59>=1),"■","") | AC59: =IF(AND(U59<=2,V59>=2),"■","") | AD59: =IF(AND(U59<=3,V59>=3),"■","") | AE59: =IF(AND(U59<=4,V59>=4),"■","") | AF59: =IF(AND(U59<=5,V59>=5),"■","") | AG59: =IF(AND(U59<=6,V59>=6),"■","") | AH59: =IF(AND(U59<=7,V59>=7),"■","") | AI59: =IF(AND(U59<=8,V59>=8),"■","") | AJ59: =IF(AND(U59<=9,V59>=9),"■","") | AK59: =IF(AND(U59<=10,V59>=10),"■","") | AL59: =IF(AND(U59<=11,V59>=11),"■","") | AM59: =IF(AND(U59<=12,V59>=12),"■","") | AN59: =IF(AND(U59<=13,V59>=13),"■","") -> ■ | AO59: =IF(AND(U59<=14,V59>=14),"■","") -> ■ | AP59: =IF(AND(U59<=15,V59>=15),"■","") | AQ59: =IF(AND(U59<=16,V59>=16),"■","")
H60: =E60*G60 -> 0
B61: F | C61: PEKERJAAN KANOPI GENSET UK. 5.5 X4 M DAN JEMBATAN TIMBANG | H61: =E61*G61 -> 0
B62: 1 | C62: Pekerjaan refinishing kanopi genset | D62: Cat ftalit royal blue | E62: 24 | F62: m² | G62: 75000 | H62: =E62*G62 -> 1800000 | I62: 3908731694 | J62: =H62/I62*100 -> 0.046050743 | U62: 7 | V62: 8 | W62: =MAX(1,V62-U62+1) -> 2 | X62: {=INDEX('KALENDER MINGGU'!$B$6:$B$21,U62)} -> 46268 | Y62: {=INDEX('KALENDER MINGGU'!$C$6:$C$21,V62)} -> 46281 | AB62: =IF(AND($U62<=1,$V62>=1),"■","") | AC62: =IF(AND($U62<=2,$V62>=2),"■","") | AD62: =IF(AND($U62<=3,$V62>=3),"■","") | AE62: =IF(AND($U62<=4,$V62>=4),"■","") | AF62: =IF(AND($U62<=5,$V62>=5),"■","") | AG62: =IF(AND($U62<=6,$V62>=6),"■","") | AH62: =IF(AND($U62<=7,$V62>=7),"■","") -> ■ | AI62: =IF(AND($U62<=8,$V62>=8),"■","") -> ■ | AJ62: =IF(AND($U62<=9,$V62>=9),"■","") | AK62: =IF(AND($U62<=10,$V62>=10),"■","") | AL62: =IF(AND($U62<=11,$V62>=11),"■","") | AM62: =IF(AND($U62<=12,$V62>=12),"■","") | AN62: =IF(AND($U62<=13,$V62>=13),"■","") | AO62: =IF(AND($U62<=14,$V62>=14),"■","") | AP62: =IF(AND($U62<=15,$V62>=15),"■","") | AQ62: =IF(AND($U62<=16,$V62>=16),"■","") | AR62: F-1
B63: 2 | C63: Cat rangka kolom dan atap jembatan timbang | D63: Cat ftalit royal blue | E63: 169 | F63: m² | G63: 75000 | H63: =E63*G63 -> 12675000 | I63: 3908731694 | J63: =H63/I63*100 -> 0.32427398 | U63: 7 | V63: 8 | W63: =MAX(1,V63-U63+1) -> 2 | X63: {=INDEX('KALENDER MINGGU'!$B$6:$B$21,U63)} -> 46268 | Y63: {=INDEX('KALENDER MINGGU'!$C$6:$C$21,V63)} -> 46281 | AB63: =IF(AND($U63<=1,$V63>=1),"■","") | AC63: =IF(AND($U63<=2,$V63>=2),"■","") | AD63: =IF(AND($U63<=3,$V63>=3),"■","") | AE63: =IF(AND($U63<=4,$V63>=4),"■","") | AF63: =IF(AND($U63<=5,$V63>=5),"■","") | AG63: =IF(AND($U63<=6,$V63>=6),"■","") | AH63: =IF(AND($U63<=7,$V63>=7),"■","") -> ■ | AI63: =IF(AND($U63<=8,$V63>=8),"■","") -> ■ | AJ63: =IF(AND($U63<=9,$V63>=9),"■","") | AK63: =IF(AND($U63<=10,$V63>=10),"■","") | AL63: =IF(AND($U63<=11,$V63>=11),"■","") | AM63: =IF(AND($U63<=12,$V63>=12),"■","") | AN63: =IF(AND($U63<=13,$V63>=13),"■","") | AO63: =IF(AND($U63<=14,$V63>=14),"■","") | AP63: =IF(AND($U63<=15,$V63>=15),"■","") | AQ63: =IF(AND($U63<=16,$V63>=16),"■","") | AR63: F-2
H64: =SUM(H62:H63) -> 14475000 | I64: 3908731694 | J64: =H64/I64*100 -> 0.37032473 | U64: =MIN(U62:U63) -> 7 | V64: =MAX(V62:V63) -> 8 | W64: =MAX(1,V64-U64+1) -> 2 | X64: {=INDEX('KALENDER MINGGU'!$B$6:$B$21,U64)} -> 46268 | Y64: {=INDEX('KALENDER MINGGU'!$C$6:$C$21,V64)} -> 46281 | Z64: =SUM(TS!M24:AB24)/TS!L23*100 -> 16.062176 | AA64: =IF(Z64>=99.9,"COMPLETED",IF(U64>'RENCANA MINGGUAN'!$J$7,"NOT STARTED",IF(V64<'RENCANA MINGGUAN'!$J$7,"CRITICAL",IF(Z64+1<W64,"DELAYED","ON SCHEDULE")))) -> CRITICAL | AB64: =IF(AND(U64<=1,V64>=1),"■","") | AC64: =IF(AND(U64<=2,V64>=2),"■","") | AD64: =IF(AND(U64<=3,V64>=3),"■","") | AE64: =IF(AND(U64<=4,V64>=4),"■","") | AF64: =IF(AND(U64<=5,V64>=5),"■","") | AG64: =IF(AND(U64<=6,V64>=6),"■","") | AH64: =IF(AND(U64<=7,V64>=7),"■","") -> ■ | AI64: =IF(AND(U64<=8,V64>=8),"■","") -> ■ | AJ64: =IF(AND(U64<=9,V64>=9),"■","") | AK64: =IF(AND(U64<=10,V64>=10),"■","") | AL64: =IF(AND(U64<=11,V64>=11),"■","") | AM64: =IF(AND(U64<=12,V64>=12),"■","") | AN64: =IF(AND(U64<=13,V64>=13),"■","") | AO64: =IF(AND(U64<=14,V64>=14),"■","") | AP64: =IF(AND(U64<=15,V64>=15),"■","") | AQ64: =IF(AND(U64<=16,V64>=16),"■","")
B66: G | C66: PEKERJAAN TAMAN DEPAN UK. 5X8 / 17X8 M, 17X30M, BELAKANG 21X28 / 5X36 M
B67: 1 | C67: Kansteen dan ban-banan area dalam taman | D67: Kansteen dan ban-banan area dalam taman fin. Cat minyak | E67: 320 | F67: m' | G67: 100000 | H67: =E67*G67 -> 32000000 | I67: 3908731694 | J67: =H67/I67*100 -> 0.81867988 | U67: 4 | V67: 10 | W67: =MAX(1,V67-U67+1) -> 7 | X67: {=INDEX('KALENDER MINGGU'!$B$6:$B$21,U67)} -> 46247 | Y67: {=INDEX('KALENDER MINGGU'!$C$6:$C$21,V67)} -> 46295 | AB67: =IF(AND($U67<=1,$V67>=1),"■","") | AC67: =IF(AND($U67<=2,$V67>=2),"■","") | AD67: =IF(AND($U67<=3,$V67>=3),"■","") | AE67: =IF(AND($U67<=4,$V67>=4),"■","") -> ■ | AF67: =IF(AND($U67<=5,$V67>=5),"■","") -> ■ | AG67: =IF(AND($U67<=6,$V67>=6),"■","") -> ■ | AH67: =IF(AND($U67<=7,$V67>=7),"■","") -> ■ | AI67: =IF(AND($U67<=8,$V67>=8),"■","") -> ■ | AJ67: =IF(AND($U67<=9,$V67>=9),"■","") -> ■ | AK67: =IF(AND($U67<=10,$V67>=10),"■","") -> ■ | AL67: =IF(AND($U67<=11,$V67>=11),"■","") | AM67: =IF(AND($U67<=12,$V67>=12),"■","") | AN67: =IF(AND($U67<=13,$V67>=13),"■","") | AO67: =IF(AND($U67<=14,$V67>=14),"■","") | AP67: =IF(AND($U67<=15,$V67>=15),"■","") | AQ67: =IF(AND($U67<=16,$V67>=16),"■","") | AR67: G-1
B68: 2 | C68: Instalasi penerangan lampu taman | D68: Kabel supreme NYY 3x2,5 mm + konduit | E68: 150 | F68: m' | G68: 35100 | H68: =E68*G68 -> 5265000 | I68: 3908731694 | J68: =H68/I68*100 -> 0.13469842 | U68: 6 | V68: 8 | W68: =MAX(1,V68-U68+1) -> 3 | X68: {=INDEX('KALENDER MINGGU'!$B$6:$B$21,U68)} -> 46261 | Y68: {=INDEX('KALENDER MINGGU'!$C$6:$C$21,V68)} -> 46281 | AB68: =IF(AND($U68<=1,$V68>=1),"■","") | AC68: =IF(AND($U68<=2,$V68>=2),"■","") | AD68: =IF(AND($U68<=3,$V68>=3),"■","") | AE68: =IF(AND($U68<=4,$V68>=4),"■","") | AF68: =IF(AND($U68<=5,$V68>=5),"■","") | AG68: =IF(AND($U68<=6,$V68>=6),"■","") -> ■ | AH68: =IF(AND($U68<=7,$V68>=7),"■","") -> ■ | AI68: =IF(AND($U68<=8,$V68>=8),"■","") -> ■ | AJ68: =IF(AND($U68<=9,$V68>=9),"■","") | AK68: =IF(AND($U68<=10,$V68>=10),"■","") | AL68: =IF(AND($U68<=11,$V68>=11),"■","") | AM68: =IF(AND($U68<=12,$V68>=12),"■","") | AN68: =IF(AND($U68<=13,$V68>=13),"■","") | AO68: =IF(AND($U68<=14,$V68>=14),"■","") | AP68: =IF(AND($U68<=15,$V68>=15),"■","") | AQ68: =IF(AND($U68<=16,$V68>=16),"■","") | AR68: G-2
B69: 3 | C69: Reposisi pintu tempat sampah | D69: dari hadap selatan ke hadap timur | E69: 1 | F69: ls | G69: 1500000 | H69: =E69*G69 -> 1500000 | I69: 3908731694 | J69: =H69/I69*100 -> 0.038375619 | U69: 4 | V69: 5 | W69: =MAX(1,V69-U69+1) -> 2 | X69: {=INDEX('KALENDER MINGGU'!$B$6:$B$21,U69)} -> 46247 | Y69: {=INDEX('KALENDER MINGGU'!$C$6:$C$21,V69)} -> 46260 | AB69: =IF(AND($U69<=1,$V69>=1),"■","") | AC69: =IF(AND($U69<=2,$V69>=2),"■","") | AD69: =IF(AND($U69<=3,$V69>=3),"■","") | AE69: =IF(AND($U69<=4,$V69>=4),"■","") -> ■ | AF69: =IF(AND($U69<=5,$V69>=5),"■","") -> ■ | AG69: =IF(AND($U69<=6,$V69>=6),"■","") | AH69: =IF(AND($U69<=7,$V69>=7),"■","") | AI69: =IF(AND($U69<=8,$V69>=8),"■","") | AJ69: =IF(AND($U69<=9,$V69>=9),"■","") | AK69: =IF(AND($U69<=10,$V69>=10),"■","") | AL69: =IF(AND($U69<=11,$V69>=11),"■","") | AM69: =IF(AND($U69<=12,$V69>=12),"■","") | AN69: =IF(AND($U69<=13,$V69>=13),"■","") | AO69: =IF(AND($U69<=14,$V69>=14),"■","") | AP69: =IF(AND($U69<=15,$V69>=15),"■","") | AQ69: =IF(AND($U69<=16,$V69>=16),"■","") | AR69: G-3
B70: 4 | C70: Cat ulang area luar tempat sampah (dinding) | E70: 20 | F70: m2 | G70: 57500 | H70: =E70*G70 -> 1150000 | I70: 3908731694 | J70: =H70/I70*100 -> 0.029421308 | U70: 8 | V70: 9 | W70: =MAX(1,V70-U70+1) -> 2 | X70: {=INDEX('KALENDER MINGGU'!$B$6:$B$21,U70)} -> 46275 | Y70: {=INDEX('KALENDER MINGGU'!$C$6:$C$21,V70)} -> 46288 | AB70: =IF(AND($U70<=1,$V70>=1),"■","") | AC70: =IF(AND($U70<=2,$V70>=2),"■","") | AD70: =IF(AND($U70<=3,$V70>=3),"■","") | AE70: =IF(AND($U70<=4,$V70>=4),"■","") | AF70: =IF(AND($U70<=5,$V70>=5),"■","") | AG70: =IF(AND($U70<=6,$V70>=6),"■","") | AH70: =IF(AND($U70<=7,$V70>=7),"■","") | AI70: =IF(AND($U70<=8,$V70>=8),"■","") -> ■ | AJ70: =IF(AND($U70<=9,$V70>=9),"■","") -> ■ | AK70: =IF(AND($U70<=10,$V70>=10),"■","") | AL70: =IF(AND($U70<=11,$V70>=11),"■","") | AM70: =IF(AND($U70<=12,$V70>=12),"■","") | AN70: =IF(AND($U70<=13,$V70>=13),"■","") | AO70: =IF(AND($U70<=14,$V70>=14),"■","") | AP70: =IF(AND($U70<=15,$V70>=15),"■","") | AQ70: =IF(AND($U70<=16,$V70>=16),"■","") | AR70: G-4
B71: 5 | C71: Cat paving untuk jalur truk sampah | D71: cat minyak | E71: 1 | F71: ls | G71: 250000 | H71: =E71*G71 -> 250000 | I71: 3908731694 | J71: =H71/I71*100 -> 0.0063959366 | U71: 9 | V71: 10 | W71: =MAX(1,V71-U71+1) -> 2 | X71: {=INDEX('KALENDER MINGGU'!$B$6:$B$21,U71)} -> 46282 | Y71: {=INDEX('KALENDER MINGGU'!$C$6:$C$21,V71)} -> 46295 | AB71: =IF(AND($U71<=1,$V71>=1),"■","") | AC71: =IF(AND($U71<=2,$V71>=2),"■","") | AD71: =IF(AND($U71<=3,$V71>=3),"■","") | AE71: =IF(AND($U71<=4,$V71>=4),"■","") | AF71: =IF(AND($U71<=5,$V71>=5),"■","") | AG71: =IF(AND($U71<=6,$V71>=6),"■","") | AH71: =IF(AND($U71<=7,$V71>=7),"■","") | AI71: =IF(AND($U71<=8,$V71>=8),"■","") | AJ71: =IF(AND($U71<=9,$V71>=9),"■","") -> ■ | AK71: =IF(AND($U71<=10,$V71>=10),"■","") -> ■ | AL71: =IF(AND($U71<=11,$V71>=11),"■","") | AM71: =IF(AND($U71<=12,$V71>=12),"■","") | AN71: =IF(AND($U71<=13,$V71>=13),"■","") | AO71: =IF(AND($U71<=14,$V71>=14),"■","") | AP71: =IF(AND($U71<=15,$V71>=15),"■","") | AQ71: =IF(AND($U71<=16,$V71>=16),"■","") | AR71: G-5
H72: =SUM(H67:H71) -> 40165000 | I72: 3908731694 | J72: =H72/I72*100 -> 1.0275712 | U72: =MIN(U67:U71) -> 4 | V72: =MAX(V67:V71) -> 10 | W72: =MAX(1,V72-U72+1) -> 7 | X72: {=INDEX('KALENDER MINGGU'!$B$6:$B$21,U72)} -> 46247 | Y72: {=INDEX('KALENDER MINGGU'!$C$6:$C$21,V72)} -> 46295 | Z72: =SUM(TS!M26:AB26)/TS!L25*100 -> 71.70422 | AA72: =IF(Z72>=99.9,"COMPLETED",IF(U72>'RENCANA MINGGUAN'!$J$7,"NOT STARTED",IF(V72<'RENCANA MINGGUAN'!$J$7,"CRITICAL",IF(Z72+1<W72,"DELAYED","ON SCHEDULE")))) -> ON SCHEDULE | AB72: =IF(AND(U72<=1,V72>=1),"■","") | AC72: =IF(AND(U72<=2,V72>=2),"■","") | AD72: =IF(AND(U72<=3,V72>=3),"■","") | AE72: =IF(AND(U72<=4,V72>=4),"■","") -> ■ | AF72: =IF(AND(U72<=5,V72>=5),"■","") -> ■ | AG72: =IF(AND(U72<=6,V72>=6),"■","") -> ■ | AH72: =IF(AND(U72<=7,V72>=7),"■","") -> ■ | AI72: =IF(AND(U72<=8,V72>=8),"■","") -> ■ | AJ72: =IF(AND(U72<=9,V72>=9),"■","") -> ■ | AK72: =IF(AND(U72<=10,V72>=10),"■","") -> ■ | AL72: =IF(AND(U72<=11,V72>=11),"■","") | AM72: =IF(AND(U72<=12,V72>=12),"■","") | AN72: =IF(AND(U72<=13,V72>=13),"■","") | AO72: =IF(AND(U72<=14,V72>=14),"■","") | AP72: =IF(AND(U72<=15,V72>=15),"■","") | AQ72: =IF(AND(U72<=16,V72>=16),"■","")
H73: =E73*G73 -> 0
B74: H | C74: PEKERJAAN JALAN | H74: =E74*G74 -> 0
C75: Area 2 (parkir truk) | D75: beban truk 15-20ton | H75: =E75*G75 -> 0 | U75: 1 | V75: 16 | W75: =MAX(1,V75-U75+1) -> 16 | X75: {=INDEX('KALENDER MINGGU'!$B$6:$B$21,U75)} -> 46226 | Y75: {=INDEX('KALENDER MINGGU'!$C$6:$C$21,V75)} -> 46337 | AB75: =IF(AND($U75<=1,$V75>=1),"■","") -> ■ | AC75: =IF(AND($U75<=2,$V75>=2),"■","") -> ■ | AD75: =IF(AND($U75<=3,$V75>=3),"■","") -> ■ | AE75: =IF(AND($U75<=4,$V75>=4),"■","") -> ■ | AF75: =IF(AND($U75<=5,$V75>=5),"■","") -> ■ | AG75: =IF(AND($U75<=6,$V75>=6),"■","") -> ■ | AH75: =IF(AND($U75<=7,$V75>=7),"■","") -> ■ | AI75: =IF(AND($U75<=8,$V75>=8),"■","") -> ■ | AJ75: =IF(AND($U75<=9,$V75>=9),"■","") -> ■ | AK75: =IF(AND($U75<=10,$V75>=10),"■","") -> ■ | AL75: =IF(AND($U75<=11,$V75>=11),"■","") -> ■ | AM75: =IF(AND($U75<=12,$V75>=12),"■","") -> ■ | AN75: =IF(AND($U75<=13,$V75>=13),"■","") -> ■ | AO75: =IF(AND($U75<=14,$V75>=14),"■","") -> ■ | AP75: =IF(AND($U75<=15,$V75>=15),"■","") -> ■ | AQ75: =IF(AND($U75<=16,$V75>=16),"■","") -> ■
C76: Pekerjaan jalan beton | D76: metode kupas lalu cor ulang | H76: =E76*G76 -> 0 | U76: 1 | V76: 16 | W76: =MAX(1,V76-U76+1) -> 16 | X76: {=INDEX('KALENDER MINGGU'!$B$6:$B$21,U76)} -> 46226 | Y76: {=INDEX('KALENDER MINGGU'!$C$6:$C$21,V76)} -> 46337 | AB76: =IF(AND($U76<=1,$V76>=1),"■","") -> ■ | AC76: =IF(AND($U76<=2,$V76>=2),"■","") -> ■ | AD76: =IF(AND($U76<=3,$V76>=3),"■","") -> ■ | AE76: =IF(AND($U76<=4,$V76>=4),"■","") -> ■ | AF76: =IF(AND($U76<=5,$V76>=5),"■","") -> ■ | AG76: =IF(AND($U76<=6,$V76>=6),"■","") -> ■ | AH76: =IF(AND($U76<=7,$V76>=7),"■","") -> ■ | AI76: =IF(AND($U76<=8,$V76>=8),"■","") -> ■ | AJ76: =IF(AND($U76<=9,$V76>=9),"■","") -> ■ | AK76: =IF(AND($U76<=10,$V76>=10),"■","") -> ■ | AL76: =IF(AND($U76<=11,$V76>=11),"■","") -> ■ | AM76: =IF(AND($U76<=12,$V76>=12),"■","") -> ■ | AN76: =IF(AND($U76<=13,$V76>=13),"■","") -> ■ | AO76: =IF(AND($U76<=14,$V76>=14),"■","") -> ■ | AP76: =IF(AND($U76<=15,$V76>=15),"■","") -> ■ | AQ76: =IF(AND($U76<=16,$V76>=16),"■","") -> ■
B77: 1 | C77: Pengupasan aspal existing | D77: kupas 10cm | E77: =E79-E78 -> 3281 | F77: m² | G77: 40000 | H77: =E77*G77 -> 131240000 | I77: 3908731694 | J77: =H77/I77*100 -> 3.3576109 | M77: management minta turun 900jt - 1M | U77: 1 | V77: 16 | W77: =MAX(1,V77-U77+1) -> 16 | X77: {=INDEX('KALENDER MINGGU'!$B$6:$B$21,U77)} -> 46226 | Y77: {=INDEX('KALENDER MINGGU'!$C$6:$C$21,V77)} -> 46337 | AB77: =IF(AND($U77<=1,$V77>=1),"■","") -> ■ | AC77: =IF(AND($U77<=2,$V77>=2),"■","") -> ■ | AD77: =IF(AND($U77<=3,$V77>=3),"■","") -> ■ | AE77: =IF(AND($U77<=4,$V77>=4),"■","") -> ■ | AF77: =IF(AND($U77<=5,$V77>=5),"■","") -> ■ | AG77: =IF(AND($U77<=6,$V77>=6),"■","") -> ■ | AH77: =IF(AND($U77<=7,$V77>=7),"■","") -> ■ | AI77: =IF(AND($U77<=8,$V77>=8),"■","") -> ■ | AJ77: =IF(AND($U77<=9,$V77>=9),"■","") -> ■ | AK77: =IF(AND($U77<=10,$V77>=10),"■","") -> ■ | AL77: =IF(AND($U77<=11,$V77>=11),"■","") -> ■ | AM77: =IF(AND($U77<=12,$V77>=12),"■","") -> ■ | AN77: =IF(AND($U77<=13,$V77>=13),"■","") -> ■ | AO77: =IF(AND($U77<=14,$V77>=14),"■","") -> ■ | AP77: =IF(AND($U77<=15,$V77>=15),"■","") -> ■ | AQ77: =IF(AND($U77<=16,$V77>=16),"■","") -> ■ | AR77: H-1
B78: 2 | C78: Pengupasan beton existing | D78: kupas 15cm | E78: 490 | F78: m² | G78: 155000 | H78: =E78*G78 -> 75950000 | I78: 3908731694 | J78: =H78/I78*100 -> 1.9430855 | M78: management minta turun 900jt - 1M | U78: 1 | V78: 16 | W78: =MAX(1,V78-U78+1) -> 16 | X78: {=INDEX('KALENDER MINGGU'!$B$6:$B$21,U78)} -> 46226 | Y78: {=INDEX('KALENDER MINGGU'!$C$6:$C$21,V78)} -> 46337 | AB78: =IF(AND($U78<=1,$V78>=1),"■","") -> ■ | AC78: =IF(AND($U78<=2,$V78>=2),"■","") -> ■ | AD78: =IF(AND($U78<=3,$V78>=3),"■","") -> ■ | AE78: =IF(AND($U78<=4,$V78>=4),"■","") -> ■ | AF78: =IF(AND($U78<=5,$V78>=5),"■","") -> ■ | AG78: =IF(AND($U78<=6,$V78>=6),"■","") -> ■ | AH78: =IF(AND($U78<=7,$V78>=7),"■","") -> ■ | AI78: =IF(AND($U78<=8,$V78>=8),"■","") -> ■ | AJ78: =IF(AND($U78<=9,$V78>=9),"■","") -> ■ | AK78: =IF(AND($U78<=10,$V78>=10),"■","") -> ■ | AL78: =IF(AND($U78<=11,$V78>=11),"■","") -> ■ | AM78: =IF(AND($U78<=12,$V78>=12),"■","") -> ■ | AN78: =IF(AND($U78<=13,$V78>=13),"■","") -> ■ | AO78: =IF(AND($U78<=14,$V78>=14),"■","") -> ■ | AP78: =IF(AND($U78<=15,$V78>=15),"■","") -> ■ | AQ78: =IF(AND($U78<=16,$V78>=16),"■","") -> ■ | AR78: H-2
B79: 3 | C79: Pembuangan puing sewa truk | E79: 3771 | F79: m² | G79: 35000 | H79: =E79*G79 -> 131985000 | I79: 3908731694 | J79: =H79/I79*100 -> 3.3766708 | M79: pengupasan minim | U79: 1 | V79: 16 | W79: =MAX(1,V79-U79+1) -> 16 | X79: {=INDEX('KALENDER MINGGU'!$B$6:$B$21,U79)} -> 46226 | Y79: {=INDEX('KALENDER MINGGU'!$C$6:$C$21,V79)} -> 46337 | AB79: =IF(AND($U79<=1,$V79>=1),"■","") -> ■ | AC79: =IF(AND($U79<=2,$V79>=2),"■","") -> ■ | AD79: =IF(AND($U79<=3,$V79>=3),"■","") -> ■ | AE79: =IF(AND($U79<=4,$V79>=4),"■","") -> ■ | AF79: =IF(AND($U79<=5,$V79>=5),"■","") -> ■ | AG79: =IF(AND($U79<=6,$V79>=6),"■","") -> ■ | AH79: =IF(AND($U79<=7,$V79>=7),"■","") -> ■ | AI79: =IF(AND($U79<=8,$V79>=8),"■","") -> ■ | AJ79: =IF(AND($U79<=9,$V79>=9),"■","") -> ■ | AK79: =IF(AND($U79<=10,$V79>=10),"■","") -> ■ | AL79: =IF(AND($U79<=11,$V79>=11),"■","") -> ■ | AM79: =IF(AND($U79<=12,$V79>=12),"■","") -> ■ | AN79: =IF(AND($U79<=13,$V79>=13),"■","") -> ■ | AO79: =IF(AND($U79<=14,$V79>=14),"■","") -> ■ | AP79: =IF(AND($U79<=15,$V79>=15),"■","") -> ■ | AQ79: =IF(AND($U79<=16,$V79>=16),"■","") -> ■ | AR79: H-3
B80: 4 | C80: Besi 13 ulir , kotak 30x30cm | D80: 1 lapis | E80: =190/0.3*20*2/12*12.5*1.1 -> 29027.778 | F80: kg | G80: 20500 | H80: =E80*G80 -> 5.9506944e+08 | I80: 3908731694 | J80: =H80/I80*100 -> 15.224106 | M80: arah selokan mungkin 12cm, tengah 15cm | U80: 1 | V80: 16 | W80: =MAX(1,V80-U80+1) -> 16 | X80: {=INDEX('KALENDER MINGGU'!$B$6:$B$21,U80)} -> 46226 | Y80: {=INDEX('KALENDER MINGGU'!$C$6:$C$21,V80)} -> 46337 | AB80: =IF(AND($U80<=1,$V80>=1),"■","") -> ■ | AC80: =IF(AND($U80<=2,$V80>=2),"■","") -> ■ | AD80: =IF(AND($U80<=3,$V80>=3),"■","") -> ■ | AE80: =IF(AND($U80<=4,$V80>=4),"■","") -> ■ | AF80: =IF(AND($U80<=5,$V80>=5),"■","") -> ■ | AG80: =IF(AND($U80<=6,$V80>=6),"■","") -> ■ | AH80: =IF(AND($U80<=7,$V80>=7),"■","") -> ■ | AI80: =IF(AND($U80<=8,$V80>=8),"■","") -> ■ | AJ80: =IF(AND($U80<=9,$V80>=9),"■","") -> ■ | AK80: =IF(AND($U80<=10,$V80>=10),"■","") -> ■ | AL80: =IF(AND($U80<=11,$V80>=11),"■","") -> ■ | AM80: =IF(AND($U80<=12,$V80>=12),"■","") -> ■ | AN80: =IF(AND($U80<=13,$V80>=13),"■","") -> ■ | AO80: =IF(AND($U80<=14,$V80>=14),"■","") -> ■ | AP80: =IF(AND($U80<=15,$V80>=15),"■","") -> ■ | AQ80: =IF(AND($U80<=16,$V80>=16),"■","") -> ■ | AR80: H-4
B81: 5 | C81: Cor ready mix K-350 (tanpa trowel dan line cutting) | D81: Tebal rata rata 13,5 cm, (tengah 15cm, pinggir 12cm) | E81: =(E77+E78)*0.135 -> 509.085 | F81: m³ | G81: 1450000 | H81: =E81*G81 -> 738173250 | I81: 3908731694 | J81: =H81/I81*100 -> 18.885237 | U81: 1 | V81: 16 | W81: =MAX(1,V81-U81+1) -> 16 | X81: {=INDEX('KALENDER MINGGU'!$B$6:$B$21,U81)} -> 46226 | Y81: {=INDEX('KALENDER MINGGU'!$C$6:$C$21,V81)} -> 46337 | AB81: =IF(AND($U81<=1,$V81>=1),"■","") -> ■ | AC81: =IF(AND($U81<=2,$V81>=2),"■","") -> ■ | AD81: =IF(AND($U81<=3,$V81>=3),"■","") -> ■ | AE81: =IF(AND($U81<=4,$V81>=4),"■","") -> ■ | AF81: =IF(AND($U81<=5,$V81>=5),"■","") -> ■ | AG81: =IF(AND($U81<=6,$V81>=6),"■","") -> ■ | AH81: =IF(AND($U81<=7,$V81>=7),"■","") -> ■ | AI81: =IF(AND($U81<=8,$V81>=8),"■","") -> ■ | AJ81: =IF(AND($U81<=9,$V81>=9),"■","") -> ■ | AK81: =IF(AND($U81<=10,$V81>=10),"■","") -> ■ | AL81: =IF(AND($U81<=11,$V81>=11),"■","") -> ■ | AM81: =IF(AND($U81<=12,$V81>=12),"■","") -> ■ | AN81: =IF(AND($U81<=13,$V81>=13),"■","") -> ■ | AO81: =IF(AND($U81<=14,$V81>=14),"■","") -> ■ | AP81: =IF(AND($U81<=15,$V81>=15),"■","") -> ■ | AQ81: =IF(AND($U81<=16,$V81>=16),"■","") -> ■ | AR81: H-5
H82: =SUM(H77:H81) -> 1.6724177e+09 | I82: 3908731694 | J82: =H82/I82*100 -> 42.78671 | U82: =MIN(U75:U81) -> 1 | V82: =MAX(V75:V81) -> 16 | W82: =MAX(1,V82-U82+1) -> 16 | X82: {=INDEX('KALENDER MINGGU'!$B$6:$B$21,U82)} -> 46226 | Y82: {=INDEX('KALENDER MINGGU'!$C$6:$C$21,V82)} -> 46337 | Z82: =SUM(TS!M28:AB28)/TS!L27*100 -> 98.085322 | AA82: =IF(Z82>=99.9,"COMPLETED",IF(U82>'RENCANA MINGGUAN'!$J$7,"NOT STARTED",IF(V82<'RENCANA MINGGUAN'!$J$7,"CRITICAL",IF(Z82+1<W82,"DELAYED","ON SCHEDULE")))) -> ON SCHEDULE | AB82: =IF(AND(U82<=1,V82>=1),"■","") -> ■ | AC82: =IF(AND(U82<=2,V82>=2),"■","") -> ■ | AD82: =IF(AND(U82<=3,V82>=3),"■","") -> ■ | AE82: =IF(AND(U82<=4,V82>=4),"■","") -> ■ | AF82: =IF(AND(U82<=5,V82>=5),"■","") -> ■ | AG82: =IF(AND(U82<=6,V82>=6),"■","") -> ■ | AH82: =IF(AND(U82<=7,V82>=7),"■","") -> ■ | AI82: =IF(AND(U82<=8,V82>=8),"■","") -> ■ | AJ82: =IF(AND(U82<=9,V82>=9),"■","") -> ■ | AK82: =IF(AND(U82<=10,V82>=10),"■","") -> ■ | AL82: =IF(AND(U82<=11,V82>=11),"■","") -> ■ | AM82: =IF(AND(U82<=12,V82>=12),"■","") -> ■ | AN82: =IF(AND(U82<=13,V82>=13),"■","") -> ■ | AO82: =IF(AND(U82<=14,V82>=14),"■","") -> ■ | AP82: =IF(AND(U82<=15,V82>=15),"■","") -> ■ | AQ82: =IF(AND(U82<=16,V82>=16),"■","") -> ■
H83: =E83*G83 -> 0
B84: J | C84: PEKERJAAN PAGAR PERIMETER P 215M + 91M x T 2,4M | H84: =E84*G84 -> 0
B85: 1 | C85: Pekerjaan refinishing dinding pagar timur & utara | D85: Cat dinding eksterior ex. Dulux catylac setara | E85: 734.4 | F85: m² | G85: 57500 | H85: =E85*G85 -> 42228000 | I85: 3908731694 | J85: =H85/I85*100 -> 1.0803504 | M85: 734.4 | U85: 5 | V85: 14 | W85: =MAX(1,V85-U85+1) -> 10 | X85: {=INDEX('KALENDER MINGGU'!$B$6:$B$21,U85)} -> 46254 | Y85: {=INDEX('KALENDER MINGGU'!$C$6:$C$21,V85)} -> 46323 | AB85: =IF(AND($U85<=1,$V85>=1),"■","") | AC85: =IF(AND($U85<=2,$V85>=2),"■","") | AD85: =IF(AND($U85<=3,$V85>=3),"■","") | AE85: =IF(AND($U85<=4,$V85>=4),"■","") | AF85: =IF(AND($U85<=5,$V85>=5),"■","") -> ■ | AG85: =IF(AND($U85<=6,$V85>=6),"■","") -> ■ | AH85: =IF(AND($U85<=7,$V85>=7),"■","") -> ■ | AI85: =IF(AND($U85<=8,$V85>=8),"■","") -> ■ | AJ85: =IF(AND($U85<=9,$V85>=9),"■","") -> ■ | AK85: =IF(AND($U85<=10,$V85>=10),"■","") -> ■ | AL85: =IF(AND($U85<=11,$V85>=11),"■","") -> ■ | AM85: =IF(AND($U85<=12,$V85>=12),"■","") -> ■ | AN85: =IF(AND($U85<=13,$V85>=13),"■","") -> ■ | AO85: =IF(AND($U85<=14,$V85>=14),"■","") -> ■ | AP85: =IF(AND($U85<=15,$V85>=15),"■","") | AQ85: =IF(AND($U85<=16,$V85>=16),"■","") | AR85: J-1
B86: 2 | C86: Pekerjaan refinishing dinding barat | D86: Cat dinding eksterior ex. Dulux catylac setara | E86: 516 | F86: m² | G86: 57500 | H86: =E86*G86 -> 29670000 | I86: 3908731694 | J86: =H86/I86*100 -> 0.75906975 | U86: 5 | V86: 14 | W86: =MAX(1,V86-U86+1) -> 10 | X86: {=INDEX('KALENDER MINGGU'!$B$6:$B$21,U86)} -> 46254 | Y86: {=INDEX('KALENDER MINGGU'!$C$6:$C$21,V86)} -> 46323 | AB86: =IF(AND($U86<=1,$V86>=1),"■","") | AC86: =IF(AND($U86<=2,$V86>=2),"■","") | AD86: =IF(AND($U86<=3,$V86>=3),"■","") | AE86: =IF(AND($U86<=4,$V86>=4),"■","") | AF86: =IF(AND($U86<=5,$V86>=5),"■","") -> ■ | AG86: =IF(AND($U86<=6,$V86>=6),"■","") -> ■ | AH86: =IF(AND($U86<=7,$V86>=7),"■","") -> ■ | AI86: =IF(AND($U86<=8,$V86>=8),"■","") -> ■ | AJ86: =IF(AND($U86<=9,$V86>=9),"■","") -> ■ | AK86: =IF(AND($U86<=10,$V86>=10),"■","") -> ■ | AL86: =IF(AND($U86<=11,$V86>=11),"■","") -> ■ | AM86: =IF(AND($U86<=12,$V86>=12),"■","") -> ■ | AN86: =IF(AND($U86<=13,$V86>=13),"■","") -> ■ | AO86: =IF(AND($U86<=14,$V86>=14),"■","") -> ■ | AP86: =IF(AND($U86<=15,$V86>=15),"■","") | AQ86: =IF(AND($U86<=16,$V86>=16),"■","") | AR86: J-2
H87: =SUM(H85:H86) -> 71898000 | I87: 3908731694 | J87: =H87/I87*100 -> 1.8394202 | U87: =MIN(U85:U86) -> 5 | V87: =MAX(V85:V86) -> 14 | W87: =MAX(1,V87-U87+1) -> 10 | X87: {=INDEX('KALENDER MINGGU'!$B$6:$B$21,U87)} -> 46254 | Y87: {=INDEX('KALENDER MINGGU'!$C$6:$C$21,V87)} -> 46323 | Z87: =SUM(TS!M30:AB30)/TS!L29*100 -> 85.252719 | AA87: =IF(Z87>=99.9,"COMPLETED",IF(U87>'RENCANA MINGGUAN'!$J$7,"NOT STARTED",IF(V87<'RENCANA MINGGUAN'!$J$7,"CRITICAL",IF(Z87+1<W87,"DELAYED","ON SCHEDULE")))) -> ON SCHEDULE | AB87: =IF(AND(U87<=1,V87>=1),"■","") | AC87: =IF(AND(U87<=2,V87>=2),"■","") | AD87: =IF(AND(U87<=3,V87>=3),"■","") | AE87: =IF(AND(U87<=4,V87>=4),"■","") | AF87: =IF(AND(U87<=5,V87>=5),"■","") -> ■ | AG87: =IF(AND(U87<=6,V87>=6),"■","") -> ■ | AH87: =IF(AND(U87<=7,V87>=7),"■","") -> ■ | AI87: =IF(AND(U87<=8,V87>=8),"■","") -> ■ | AJ87: =IF(AND(U87<=9,V87>=9),"■","") -> ■ | AK87: =IF(AND(U87<=10,V87>=10),"■","") -> ■ | AL87: =IF(AND(U87<=11,V87>=11),"■","") -> ■ | AM87: =IF(AND(U87<=12,V87>=12),"■","") -> ■ | AN87: =IF(AND(U87<=13,V87>=13),"■","") -> ■ | AO87: =IF(AND(U87<=14,V87>=14),"■","") -> ■ | AP87: =IF(AND(U87<=15,V87>=15),"■","") | AQ87: =IF(AND(U87<=16,V87>=16),"■","")
H88: =E88*G88 -> 0
B89: K | C89: PEKERJAAN WATER TORN UK 4X4 M, BENGKEL UK. 12X7 M,. dan GUDANG BELAKANG | H89: =E89*G89 -> 0
B91: 2 | C91: Ganti rangka atap toilet ( rangka lama sudah lapuk ) | D91: Rangka atap baja ringan 0,75, atap galvalum 0.3mm + kerpus, bongkar atap lama | E91: 94.875 | F91: m2 | G91: 380000 | H91: =E91*G91 -> 36052500 | I91: 3908731694 | J91: =H91/I91*100 -> 0.92235801 | U91: 6 | V91: 7 | W91: =MAX(1,V91-U91+1) -> 2 | X91: {=INDEX('KALENDER MINGGU'!$B$6:$B$21,U91)} -> 46261 | Y91: {=INDEX('KALENDER MINGGU'!$C$6:$C$21,V91)} -> 46274 | AB91: =IF(AND($U91<=1,$V91>=1),"■","") | AC91: =IF(AND($U91<=2,$V91>=2),"■","") | AD91: =IF(AND($U91<=3,$V91>=3),"■","") | AE91: =IF(AND($U91<=4,$V91>=4),"■","") | AF91: =IF(AND($U91<=5,$V91>=5),"■","") | AG91: =IF(AND($U91<=6,$V91>=6),"■","") -> ■ | AH91: =IF(AND($U91<=7,$V91>=7),"■","") -> ■ | AI91: =IF(AND($U91<=8,$V91>=8),"■","") | AJ91: =IF(AND($U91<=9,$V91>=9),"■","") | AK91: =IF(AND($U91<=10,$V91>=10),"■","") | AL91: =IF(AND($U91<=11,$V91>=11),"■","") | AM91: =IF(AND($U91<=12,$V91>=12),"■","") | AN91: =IF(AND($U91<=13,$V91>=13),"■","") | AO91: =IF(AND($U91<=14,$V91>=14),"■","") | AP91: =IF(AND($U91<=15,$V91>=15),"■","") | AQ91: =IF(AND($U91<=16,$V91>=16),"■","") | AR91: K-1
B92: 3 | C92: Perbaikan plafond + refinishing cat | D92: Plafond grc 4mm + cat catylac eksterior | E92: 88 | F92: m² | G92: 221000 | H92: =E92*G92 -> 19448000 | I92: 3908731694 | J92: =H92/I92*100 -> 0.4975527 | U92: 7 | V92: 8 | W92: =MAX(1,V92-U92+1) -> 2 | X92: {=INDEX('KALENDER MINGGU'!$B$6:$B$21,U92)} -> 46268 | Y92: {=INDEX('KALENDER MINGGU'!$C$6:$C$21,V92)} -> 46281 | AB92: =IF(AND($U92<=1,$V92>=1),"■","") | AC92: =IF(AND($U92<=2,$V92>=2),"■","") | AD92: =IF(AND($U92<=3,$V92>=3),"■","") | AE92: =IF(AND($U92<=4,$V92>=4),"■","") | AF92: =IF(AND($U92<=5,$V92>=5),"■","") | AG92: =IF(AND($U92<=6,$V92>=6),"■","") | AH92: =IF(AND($U92<=7,$V92>=7),"■","") -> ■ | AI92: =IF(AND($U92<=8,$V92>=8),"■","") -> ■ | AJ92: =IF(AND($U92<=9,$V92>=9),"■","") | AK92: =IF(AND($U92<=10,$V92>=10),"■","") | AL92: =IF(AND($U92<=11,$V92>=11),"■","") | AM92: =IF(AND($U92<=12,$V92>=12),"■","") | AN92: =IF(AND($U92<=13,$V92>=13),"■","") | AO92: =IF(AND($U92<=14,$V92>=14),"■","") | AP92: =IF(AND($U92<=15,$V92>=15),"■","") | AQ92: =IF(AND($U92<=16,$V92>=16),"■","") | AR92: K-2
B93: 4 | C93: Cat ulang exterior musholla | D93: ex catylac exterior | E93: 118.4 | F93: m² | G93: 57500 | H93: =E93*G93 -> 6808000 | I93: 3908731694 | J93: =H93/I93*100 -> 0.17417414 | U93: 8 | V93: 9 | W93: =MAX(1,V93-U93+1) -> 2 | X93: {=INDEX('KALENDER MINGGU'!$B$6:$B$21,U93)} -> 46275 | Y93: {=INDEX('KALENDER MINGGU'!$C$6:$C$21,V93)} -> 46288 | AB93: =IF(AND($U93<=1,$V93>=1),"■","") | AC93: =IF(AND($U93<=2,$V93>=2),"■","") | AD93: =IF(AND($U93<=3,$V93>=3),"■","") | AE93: =IF(AND($U93<=4,$V93>=4),"■","") | AF93: =IF(AND($U93<=5,$V93>=5),"■","") | AG93: =IF(AND($U93<=6,$V93>=6),"■","") | AH93: =IF(AND($U93<=7,$V93>=7),"■","") | AI93: =IF(AND($U93<=8,$V93>=8),"■","") -> ■ | AJ93: =IF(AND($U93<=9,$V93>=9),"■","") -> ■ | AK93: =IF(AND($U93<=10,$V93>=10),"■","") | AL93: =IF(AND($U93<=11,$V93>=11),"■","") | AM93: =IF(AND($U93<=12,$V93>=12),"■","") | AN93: =IF(AND($U93<=13,$V93>=13),"■","") | AO93: =IF(AND($U93<=14,$V93>=14),"■","") | AP93: =IF(AND($U93<=15,$V93>=15),"■","") | AQ93: =IF(AND($U93<=16,$V93>=16),"■","") | AR93: K-3
B94: 5 | C94: Penggantian pintu musholla | D94: pintu engineering + cat kusen | E94: 3 | F94: ls | G94: 1300000 | H94: =E94*G94 -> 3900000 | I94: 3908731694 | J94: =H94/I94*100 -> 0.099776611 | U94: 8 | V94: 9 | W94: =MAX(1,V94-U94+1) -> 2 | X94: {=INDEX('KALENDER MINGGU'!$B$6:$B$21,U94)} -> 46275 | Y94: {=INDEX('KALENDER MINGGU'!$C$6:$C$21,V94)} -> 46288 | AB94: =IF(AND($U94<=1,$V94>=1),"■","") | AC94: =IF(AND($U94<=2,$V94>=2),"■","") | AD94: =IF(AND($U94<=3,$V94>=3),"■","") | AE94: =IF(AND($U94<=4,$V94>=4),"■","") | AF94: =IF(AND($U94<=5,$V94>=5),"■","") | AG94: =IF(AND($U94<=6,$V94>=6),"■","") | AH94: =IF(AND($U94<=7,$V94>=7),"■","") | AI94: =IF(AND($U94<=8,$V94>=8),"■","") -> ■ | AJ94: =IF(AND($U94<=9,$V94>=9),"■","") -> ■ | AK94: =IF(AND($U94<=10,$V94>=10),"■","") | AL94: =IF(AND($U94<=11,$V94>=11),"■","") | AM94: =IF(AND($U94<=12,$V94>=12),"■","") | AN94: =IF(AND($U94<=13,$V94>=13),"■","") | AO94: =IF(AND($U94<=14,$V94>=14),"■","") | AP94: =IF(AND($U94<=15,$V94>=15),"■","") | AQ94: =IF(AND($U94<=16,$V94>=16),"■","") | AR94: K-4
B95: 6 | C95: Penggantian keramik teras | D95: ex platinum 50x50 | E95: 12 | F95: m² | G95: 200000 | H95: =E95*G95 -> 2400000 | I95: 3908731694 | J95: =H95/I95*100 -> 0.061400991 | U95: 7 | V95: 8 | W95: =MAX(1,V95-U95+1) -> 2 | X95: {=INDEX('KALENDER MINGGU'!$B$6:$B$21,U95)} -> 46268 | Y95: {=INDEX('KALENDER MINGGU'!$C$6:$C$21,V95)} -> 46281 | AB95: =IF(AND($U95<=1,$V95>=1),"■","") | AC95: =IF(AND($U95<=2,$V95>=2),"■","") | AD95: =IF(AND($U95<=3,$V95>=3),"■","") | AE95: =IF(AND($U95<=4,$V95>=4),"■","") | AF95: =IF(AND($U95<=5,$V95>=5),"■","") | AG95: =IF(AND($U95<=6,$V95>=6),"■","") | AH95: =IF(AND($U95<=7,$V95>=7),"■","") -> ■ | AI95: =IF(AND($U95<=8,$V95>=8),"■","") -> ■ | AJ95: =IF(AND($U95<=9,$V95>=9),"■","") | AK95: =IF(AND($U95<=10,$V95>=10),"■","") | AL95: =IF(AND($U95<=11,$V95>=11),"■","") | AM95: =IF(AND($U95<=12,$V95>=12),"■","") | AN95: =IF(AND($U95<=13,$V95>=13),"■","") | AO95: =IF(AND($U95<=14,$V95>=14),"■","") | AP95: =IF(AND($U95<=15,$V95>=15),"■","") | AQ95: =IF(AND($U95<=16,$V95>=16),"■","") | AR95: K-5
B96: 7 | C96: Pembuatan tempat wudhu | D96: 3 kran wudhu, 1 kran service | E96: 6 | F96: m2 | G96: 450000 | H96: =E96*G96 -> 2700000 | I96: 3908731694 | J96: =H96/I96*100 -> 0.069076115 | U96: 8 | V96: 9 | W96: =MAX(1,V96-U96+1) -> 2 | X96: {=INDEX('KALENDER MINGGU'!$B$6:$B$21,U96)} -> 46275 | Y96: {=INDEX('KALENDER MINGGU'!$C$6:$C$21,V96)} -> 46288 | AB96: =IF(AND($U96<=1,$V96>=1),"■","") | AC96: =IF(AND($U96<=2,$V96>=2),"■","") | AD96: =IF(AND($U96<=3,$V96>=3),"■","") | AE96: =IF(AND($U96<=4,$V96>=4),"■","") | AF96: =IF(AND($U96<=5,$V96>=5),"■","") | AG96: =IF(AND($U96<=6,$V96>=6),"■","") | AH96: =IF(AND($U96<=7,$V96>=7),"■","") | AI96: =IF(AND($U96<=8,$V96>=8),"■","") -> ■ | AJ96: =IF(AND($U96<=9,$V96>=9),"■","") -> ■ | AK96: =IF(AND($U96<=10,$V96>=10),"■","") | AL96: =IF(AND($U96<=11,$V96>=11),"■","") | AM96: =IF(AND($U96<=12,$V96>=12),"■","") | AN96: =IF(AND($U96<=13,$V96>=13),"■","") | AO96: =IF(AND($U96<=14,$V96>=14),"■","") | AP96: =IF(AND($U96<=15,$V96>=15),"■","") | AQ96: =IF(AND($U96<=16,$V96>=16),"■","") | AR96: K-6
B97: 8 | C97: Pembuatan instalasi wastafel | D97: wastafel existing | E97: 1 | F97: ls | G97: 200000 | H97: =E97*G97 -> 200000 | I97: 3908731694 | J97: =H97/I97*100 -> 0.0051167493 | U97: 8 | V97: 9 | W97: =MAX(1,V97-U97+1) -> 2 | X97: {=INDEX('KALENDER MINGGU'!$B$6:$B$21,U97)} -> 46275 | Y97: {=INDEX('KALENDER MINGGU'!$C$6:$C$21,V97)} -> 46288 | AB97: =IF(AND($U97<=1,$V97>=1),"■","") | AC97: =IF(AND($U97<=2,$V97>=2),"■","") | AD97: =IF(AND($U97<=3,$V97>=3),"■","") | AE97: =IF(AND($U97<=4,$V97>=4),"■","") | AF97: =IF(AND($U97<=5,$V97>=5),"■","") | AG97: =IF(AND($U97<=6,$V97>=6),"■","") | AH97: =IF(AND($U97<=7,$V97>=7),"■","") | AI97: =IF(AND($U97<=8,$V97>=8),"■","") -> ■ | AJ97: =IF(AND($U97<=9,$V97>=9),"■","") -> ■ | AK97: =IF(AND($U97<=10,$V97>=10),"■","") | AL97: =IF(AND($U97<=11,$V97>=11),"■","") | AM97: =IF(AND($U97<=12,$V97>=12),"■","") | AN97: =IF(AND($U97<=13,$V97>=13),"■","") | AO97: =IF(AND($U97<=14,$V97>=14),"■","") | AP97: =IF(AND($U97<=15,$V97>=15),"■","") | AQ97: =IF(AND($U97<=16,$V97>=16),"■","") | AR97: K-7
B98: 9 | C98: Pekerjaan lantai bengkel | D98: 480m2 | H98: =E98*G98 -> 0 | I98: 3908731694 | J98: =H98/I98*100 -> 0 | U98: 7 | V98: 9 | W98: =MAX(1,V98-U98+1) -> 3 | X98: {=INDEX('KALENDER MINGGU'!$B$6:$B$21,U98)} -> 46268 | Y98: {=INDEX('KALENDER MINGGU'!$C$6:$C$21,V98)} -> 46288 | AB98: =IF(AND($U98<=1,$V98>=1),"■","") | AC98: =IF(AND($U98<=2,$V98>=2),"■","") | AD98: =IF(AND($U98<=3,$V98>=3),"■","") | AE98: =IF(AND($U98<=4,$V98>=4),"■","") | AF98: =IF(AND($U98<=5,$V98>=5),"■","") | AG98: =IF(AND($U98<=6,$V98>=6),"■","") | AH98: =IF(AND($U98<=7,$V98>=7),"■","") -> ■ | AI98: =IF(AND($U98<=8,$V98>=8),"■","") -> ■ | AJ98: =IF(AND($U98<=9,$V98>=9),"■","") -> ■ | AK98: =IF(AND($U98<=10,$V98>=10),"■","") | AL98: =IF(AND($U98<=11,$V98>=11),"■","") | AM98: =IF(AND($U98<=12,$V98>=12),"■","") | AN98: =IF(AND($U98<=13,$V98>=13),"■","") | AO98: =IF(AND($U98<=14,$V98>=14),"■","") | AP98: =IF(AND($U98<=15,$V98>=15),"■","") | AQ98: =IF(AND($U98<=16,$V98>=16),"■","") | AR98: K-8
B99: - | C99: Land clearing | D99: inc penebangan pohon dan buang | E99: 480 | F99: m2 | G99: 30000 | H99: =E99*G99 -> 14400000 | I99: 3908731694 | J99: =H99/I99*100 -> 0.36840595 | U99: 7 | V99: 9 | W99: =MAX(1,V99-U99+1) -> 3 | X99: {=INDEX('KALENDER MINGGU'!$B$6:$B$21,U99)} -> 46268 | Y99: {=INDEX('KALENDER MINGGU'!$C$6:$C$21,V99)} -> 46288 | AB99: =IF(AND($U99<=1,$V99>=1),"■","") | AC99: =IF(AND($U99<=2,$V99>=2),"■","") | AD99: =IF(AND($U99<=3,$V99>=3),"■","") | AE99: =IF(AND($U99<=4,$V99>=4),"■","") | AF99: =IF(AND($U99<=5,$V99>=5),"■","") | AG99: =IF(AND($U99<=6,$V99>=6),"■","") | AH99: =IF(AND($U99<=7,$V99>=7),"■","") -> ■ | AI99: =IF(AND($U99<=8,$V99>=8),"■","") -> ■ | AJ99: =IF(AND($U99<=9,$V99>=9),"■","") -> ■ | AK99: =IF(AND($U99<=10,$V99>=10),"■","") | AL99: =IF(AND($U99<=11,$V99>=11),"■","") | AM99: =IF(AND($U99<=12,$V99>=12),"■","") | AN99: =IF(AND($U99<=13,$V99>=13),"■","") | AO99: =IF(AND($U99<=14,$V99>=14),"■","") | AP99: =IF(AND($U99<=15,$V99>=15),"■","") | AQ99: =IF(AND($U99<=16,$V99>=16),"■","") | AR99: K-9
B100: - | C100: Perataan dan pemadatan tanah taman belakang | D100: stamper | E100: 480 | F100: m2 | G100: 12000 | H100: =E100*G100 -> 5760000 | I100: 3908731694 | J100: =H100/I100*100 -> 0.14736238 | U100: 7 | V100: 9 | W100: =MAX(1,V100-U100+1) -> 3 | X100: {=INDEX('KALENDER MINGGU'!$B$6:$B$21,U100)} -> 46268 | Y100: {=INDEX('KALENDER MINGGU'!$C$6:$C$21,V100)} -> 46288 | AB100: =IF(AND($U100<=1,$V100>=1),"■","") | AC100: =IF(AND($U100<=2,$V100>=2),"■","") | AD100: =IF(AND($U100<=3,$V100>=3),"■","") | AE100: =IF(AND($U100<=4,$V100>=4),"■","") | AF100: =IF(AND($U100<=5,$V100>=5),"■","") | AG100: =IF(AND($U100<=6,$V100>=6),"■","") | AH100: =IF(AND($U100<=7,$V100>=7),"■","") -> ■ | AI100: =IF(AND($U100<=8,$V100>=8),"■","") -> ■ | AJ100: =IF(AND($U100<=9,$V100>=9),"■","") -> ■ | AK100: =IF(AND($U100<=10,$V100>=10),"■","") | AL100: =IF(AND($U100<=11,$V100>=11),"■","") | AM100: =IF(AND($U100<=12,$V100>=12),"■","") | AN100: =IF(AND($U100<=13,$V100>=13),"■","") | AO100: =IF(AND($U100<=14,$V100>=14),"■","") | AP100: =IF(AND($U100<=15,$V100>=15),"■","") | AQ100: =IF(AND($U100<=16,$V100>=16),"■","") | AR100: K-10
B101: - | C101: Finishing paving | D101: tipe Holland K300 8cm, inc pasir dan abu batu | E101: 480 | F101: m2 | G101: 220000 | H101: =E101*G101 -> 105600000 | I101: 3908731694 | J101: =H101/I101*100 -> 2.7016436 | U101: 6 | V101: 9 | W101: =MAX(1,V101-U101+1) -> 4 | X101: {=INDEX('KALENDER MINGGU'!$B$6:$B$21,U101)} -> 46261 | Y101: {=INDEX('KALENDER MINGGU'!$C$6:$C$21,V101)} -> 46288 | AB101: =IF(AND($U101<=1,$V101>=1),"■","") | AC101: =IF(AND($U101<=2,$V101>=2),"■","") | AD101: =IF(AND($U101<=3,$V101>=3),"■","") | AE101: =IF(AND($U101<=4,$V101>=4),"■","") | AF101: =IF(AND($U101<=5,$V101>=5),"■","") | AG101: =IF(AND($U101<=6,$V101>=6),"■","") -> ■ | AH101: =IF(AND($U101<=7,$V101>=7),"■","") -> ■ | AI101: =IF(AND($U101<=8,$V101>=8),"■","") -> ■ | AJ101: =IF(AND($U101<=9,$V101>=9),"■","") -> ■ | AK101: =IF(AND($U101<=10,$V101>=10),"■","") | AL101: =IF(AND($U101<=11,$V101>=11),"■","") | AM101: =IF(AND($U101<=12,$V101>=12),"■","") | AN101: =IF(AND($U101<=13,$V101>=13),"■","") | AO101: =IF(AND($U101<=14,$V101>=14),"■","") | AP101: =IF(AND($U101<=15,$V101>=15),"■","") | AQ101: =IF(AND($U101<=16,$V101>=16),"■","") | AR101: K-11
B102: - | C102: Terminasi cor keliling | E102: 88 | F102: m | G102: 150000 | H102: =E102*G102 -> 13200000 | I102: 3908731694 | J102: =H102/I102*100 -> 0.33770545 | U102: 7 | V102: 9 | W102: =MAX(1,V102-U102+1) -> 3 | X102: {=INDEX('KALENDER MINGGU'!$B$6:$B$21,U102)} -> 46268 | Y102: {=INDEX('KALENDER MINGGU'!$C$6:$C$21,V102)} -> 46288 | AB102: =IF(AND($U102<=1,$V102>=1),"■","") | AC102: =IF(AND($U102<=2,$V102>=2),"■","") | AD102: =IF(AND($U102<=3,$V102>=3),"■","") | AE102: =IF(AND($U102<=4,$V102>=4),"■","") | AF102: =IF(AND($U102<=5,$V102>=5),"■","") | AG102: =IF(AND($U102<=6,$V102>=6),"■","") | AH102: =IF(AND($U102<=7,$V102>=7),"■","") -> ■ | AI102: =IF(AND($U102<=8,$V102>=8),"■","") -> ■ | AJ102: =IF(AND($U102<=9,$V102>=9),"■","") -> ■ | AK102: =IF(AND($U102<=10,$V102>=10),"■","") | AL102: =IF(AND($U102<=11,$V102>=11),"■","") | AM102: =IF(AND($U102<=12,$V102>=12),"■","") | AN102: =IF(AND($U102<=13,$V102>=13),"■","") | AO102: =IF(AND($U102<=14,$V102>=14),"■","") | AP102: =IF(AND($U102<=15,$V102>=15),"■","") | AQ102: =IF(AND($U102<=16,$V102>=16),"■","") | AR102: K-12
...

Sheet TS INTERNAL LAPANGAN
A3: TIME SCHEDULE
A4: PEKERJAAN : ARTABOGA GATSU
A5: Periode : Juli 2026 s/d Oktober 2026
A7: NO | B7: URAIAN PEKERJAAN | L7: BOBOT | M7: JULI | N7: AGUSTUS | R7: SEPTEMBER | W7: OKTOBER | AA7: KET
M8: Week 1 | N8: Week 2 | O8: Week 3 | P8: Week 4 | Q8: Week 5 | R8: Week 6 | S8: Week 7 | T8: Week 8 | U8: Week 9 | V8: Week 10 | W8: Week 11 | X8: Week 12 | Y8: Week 13 | Z8: Week 14
A9: I | B9: ='BOBOT PEK'!B5 -> 0
A10: A | B10: ='BOBOT PEK'!B6 -> No | L10: ='BOBOT PEK'!I12 -> 3908731694 | M10: =L10/2 -> 1954365847 | N10: =M10 -> 1954365847
A11: B | B11: ='BOBOT PEK'!B13 -> 5 | L11: ='BOBOT PEK'!I27 -> 3908731694 | O11: =L11/8 -> 4.8859146e+08 | P11: =O11 -> 4.8859146e+08 | Q11: =P11 -> 4.8859146e+08 | R11: =Q11 -> 4.8859146e+08 | S11: =R11 -> 4.8859146e+08 | T11: =S11 -> 4.8859146e+08 | U11: =T11 -> 4.8859146e+08 | V11: =U11 -> 4.8859146e+08
A12: C | B12: ='BOBOT PEK'!B29 -> 0 | L12: ='BOBOT PEK'!I40 -> 3908731694 | O12: =L12/2 -> 1954365847 | P12: =O12 -> 1954365847
A13: D | B13: ='BOBOT PEK'!B42 -> 0 | L13: ='BOBOT PEK'!I48 -> 3908731694 | P13: =L13/4 -> 9.7718292e+08 | Q13: =P13 -> 9.7718292e+08 | R13: =Q13 -> 9.7718292e+08 | S13: =R13 -> 9.7718292e+08
A14: E | B14: ='BOBOT PEK'!B50 -> 0 | L14: ='BOBOT PEK'!I57 -> 3908731694 | Q14: =L14/2 -> 1954365847 | R14: =Q14 -> 1954365847
A15: F | B15: ='BOBOT PEK'!B59 -> 0 | L15: ='BOBOT PEK'!I62 -> 3908731694 | R15: =L15/2 -> 1954365847 | S15: =R15 -> 1954365847
A16: G | B16: ='BOBOT PEK'!B64 -> 0 | L16: ='BOBOT PEK'!I70 -> 3908731694 | P16: =L16/2 -> 1954365847 | Q16: =P16 -> 1954365847
A17: H | B17: ='BOBOT PEK'!B72 -> 0 | L17: ='BOBOT PEK'!I80 -> 3908731694 | N17: =L17/13 -> 3.0067167e+08 | O17: =N17 -> 3.0067167e+08 | P17: =O17 -> 3.0067167e+08 | Q17: =P17 -> 3.0067167e+08 | R17: =Q17 -> 3.0067167e+08 | S17: =R17 -> 3.0067167e+08 | T17: =S17 -> 3.0067167e+08 | U17: =T17 -> 3.0067167e+08 | V17: =U17 -> 3.0067167e+08 | W17: =U17 -> 3.0067167e+08 | X17: =W17 -> 3.0067167e+08 | Y17: =X17 -> 3.0067167e+08 | Z17: =Y17 -> 3.0067167e+08
A18: I | B18: ='BOBOT PEK'!B82 -> 0 | L18: ='BOBOT PEK'!I85 -> 3908731694 | R18: =L18/2 -> 1954365847 | S18: =R18 -> 1954365847
A19: J | B19: ='BOBOT PEK'!B87:F87 -> 0 | L19: ='BOBOT PEK'!I104 -> 3908731694 | P19: =L19/8 -> 4.8859146e+08 | Q19: =P19 -> 4.8859146e+08 | R19: =Q19 -> 4.8859146e+08 | S19: =R19 -> 4.8859146e+08 | T19: =S19 -> 4.8859146e+08 | U19: =T19 -> 4.8859146e+08 | V19: =U19 -> 4.8859146e+08 | W19: =U19 -> 4.8859146e+08
A20: K | B20: ='BOBOT PEK'!B107 -> 0 | L20: ='BOBOT PEK'!I113 -> 3908731694 | R20: =L20/6 -> 6.5145528e+08 | S20: =R20 -> 6.5145528e+08 | T20: =S20 -> 6.5145528e+08 | U20: =T20 -> 6.5145528e+08 | V20: =U20 -> 6.5145528e+08 | W20: =V20 -> 6.5145528e+08
A21: L | B21: ='BOBOT PEK'!B115 -> 0 | L21: ='BOBOT PEK'!I119 -> 3908731694 | R21: =L21/2 -> 1954365847 | S21: =R21 -> 1954365847
A22: M | B22: ='BOBOT PEK'!B121 -> 0 | L22: ='BOBOT PEK'!I125 -> 3908731694 | P22: =L22/4 -> 9.7718292e+08 | Q22: =P22 -> 9.7718292e+08 | R22: =Q22 -> 9.7718292e+08 | S22: =R22 -> 9.7718292e+08
A23: N | B23: ='BOBOT PEK'!B127 -> 0 | L23: ='BOBOT PEK'!I131 -> 3908731694 | T23: =L23 -> 3908731694
A24: O | B24: ='BOBOT PEK'!B133 -> 0 | L24: ='BOBOT PEK'!I142 -> 3908731694 | R24: =L24/4 -> 9.7718292e+08 | S24: =R24 -> 9.7718292e+08 | T24: =S24 -> 9.7718292e+08 | U24: =T24 -> 9.7718292e+08
A25: II | B25: ='BOBOT PEK'!B144 -> 0
A26: A | B26: ='BOBOT PEK'!B145 -> 0 | L26: ='BOBOT PEK'!I151 -> 0 | P26: =L26 -> 0
A27: B | B27: ='BOBOT PEK'!B153 -> 0 | L27: ='BOBOT PEK'!I159 -> 0 | Q27: =L27/4 -> 0 | R27: =Q27 -> 0 | S27: =R27 -> 0 | T27: =S27 -> 0
A28: D | B28: ='BOBOT PEK'!B161 -> opsi 1 = Gym Ac Split | L28: ='BOBOT PEK'!I173 -> 0 | S28: =L28/8 -> 0 | T28: =S28 -> 0 | U28: =T28 -> 0 | V28: =U28 -> 0 | W28: =U28 -> 0 | X28: =W28 -> 0 | Y28: =X28 -> 0 | Z28: =Y28 -> 0
A29: III | B29: ='BOBOT PEK'!B175 -> 1
A30: A | B30: ='BOBOT PEK'!B176 -> 2 | L30: ='BOBOT PEK'!I181 -> 0 | P30: =L30 -> 0
A31: B | B31: ='BOBOT PEK'!B182 -> C | L31: ='BOBOT PEK'!I188 -> 0 | Q31: =L31/3 -> 0 | R31: =Q31 -> 0 | S31: =R31 -> 0
A32: C | B32: ='BOBOT PEK'!B189 -> 7 | L32: ='BOBOT PEK'!I192 -> 0 | S32: =L32 -> 0
A33: D | B33: ='BOBOT PEK'!B193 -> 1 | L33: ='BOBOT PEK'!I196 -> 0 | T33: =L33 -> 0
A34: E | B34: ='BOBOT PEK'!B197 -> 5 | L34: ='BOBOT PEK'!I211 -> 0 | U34: =L34/5 -> 0 | V34: =U34 -> 0 | W34: =U34 -> 0 | X34: =W34 -> 0 | Y34: =X34 -> 0
A35: F | B35: ='BOBOT PEK'!B212 -> 1 | L35: ='BOBOT PEK'!I216 -> 3908731694 | Y35: =L35/2 -> 1954365847 | Z35: =Y35 -> 1954365847
A36: G | B36: ='BOBOT PEK'!B217 -> B | L36: ='BOBOT PEK'!I221 -> 3908731694 | W36: =L36/4 -> 9.7718292e+08 | X36: =W36 -> 9.7718292e+08 | Y36: =X36 -> 9.7718292e+08 | Z36: =Y36 -> 9.7718292e+08
B37: TOTAL | L37: =SUM(L9:L36) -> 66448438798
B38: Rencana progress mingguan | M38: =SUM(M9:M36) -> 1954365847 | N38: =SUM(N9:N36) -> 2.2550375e+09 | O38: =SUM(O9:O36) -> 2.743629e+09 | P38: =SUM(P9:P36) -> 7.1409521e+09 | Q38: =SUM(Q9:Q36) -> 7.1409521e+09 | R38: =SUM(R9:R36) -> 1.2678322e+10 | S38: =SUM(S9:S36) -> 1.0723956e+10 | T38: =SUM(T9:T36) -> 6.8152245e+09 | ... Z38: =SUM(Z9:Z36) -> 3.2322204e+09
B39: Rencana komulatif progress mingguan | M39: =M38 -> 1954365847 | N39: =M39+N38 -> 4.2094034e+09 | O39: =N39+O38 -> 6.9530323e+09 | P39: =O39+P38 -> 1.4093984e+10 | Q39: =P39+Q38 -> 2.1234937e+10 | R39: =Q39+R38 -> 3.3913259e+10 | S39: =R39+S38 -> 4.4637215e+10 | T39: =S39+T38 -> 5.1452439e+10 | U39: =T39+U38 -> 5.4358932e+10 | ... Z39: =Y39+Z38 -> 66448438798
B40: Realisasi progress mingguan
B41: Realisasi komulatif progress mingguan

Sheet TS
A6: TIME SCHEDULE
A7: PEKERJAAN : ARTABOGA GATSU
A8: Periode : Juli 2026 s/d November 2026 | F8: Author : | G8: Ryan
A10: NO | B10: URAIAN PEKERJAAN | L10: BOBOT | M10: JULI | N10: AGUSTUS | R10: SEPTEMBER | W10: OKTOBER | AA10: NOVEMBER | AC10: KET
M11: Week 1 | N11: Week 2 | O11: Week 3 | P11: Week 4 | Q11: Week 5 | R11: Week 6 | S11: Week 7 | T11: Week 8 | U11: Week 9 | V11: Week 10 | W11: Week 11 | X11: Week 12 | Y11: Week 13 | Z11: Week 14 | AA11: Week 15 | AB11: Week 16
A12: I | B12: ='BOBOT PEK'!B4:C4 -> Pekerjaan Gudang Umum
A13: A | B13: ='BOBOT PEK'!C8 -> PEKERJAAN PERSIAPAN | I13: plan | L13: ='BOBOT PEK'!J14 -> 1.2791873 | M13: =L13/4 -> 0.31979683 | N13: =M13 -> 0.31979683 | O13: =N13 -> 0.31979683 | P13: =O13 -> 0.31979683
I14: aktual | L14: =SUM(M14:AB14) -> 1.2791873 | M14: =SUM('PRODUKTIVITAS HARIAN'!DV4:DV9) -> 1.010558 | N14: =SUM('PRODUKTIVITAS HARIAN'!DW4:DW9) -> 0 | O14: =SUM('PRODUKTIVITAS HARIAN'!DX4:DX9) -> 0 | P14: =SUM('PRODUKTIVITAS HARIAN'!DY4:DY9) -> 0.076751239 | Q14: =SUM('PRODUKTIVITAS HARIAN'!DZ4:DZ9) -> 0.038375619 | R14: =SUM('PRODUKTIVITAS HARIAN'!EA4:EA9) -> 0.15350248 | S14: =SUM('PRODUKTIVITAS HARIAN'!EB4:EB9) -> 0 | T14: =SUM('PRODUKTIVITAS HARIAN'!EC4:EC9) -> 0 | ... AB14: =SUM('PRODUKTIVITAS HARIAN'!EK4:EK9) -> 0
A15: B | B15: ='BOBOT PEK'!C15 -> PEKERJAAN AREA GUDANG UMUM+GUDANG SPM UK.46X54 M | I15: plan | L15: ='BOBOT PEK'!J29 -> 16.160562 | O15: =L15/7 -> 2.3086517 | P15: =O15 -> 2.3086517 | Q15: =P15 -> 2.3086517 | R15: =Q15 -> 2.3086517 | S15: =R15 -> 2.3086517 | T15: =S15 -> 2.3086517 | U15: =T15 -> 2.3086517
I16: aktual | L16: =SUM(M16:AB16) -> 6.5959631 | M16: =SUM('PRODUKTIVITAS HARIAN'!DV10:DV22) -> 0 | N16: =SUM('PRODUKTIVITAS HARIAN'!DW10:DW22) -> 0 | O16: =SUM('PRODUKTIVITAS HARIAN'!DX10:DX22) -> 0 | P16: =SUM('PRODUKTIVITAS HARIAN'!DY10:DY22) -> 0.00015350248 | Q16: =SUM('PRODUKTIVITAS HARIAN'!DZ10:DZ22) -> 1.7652785 | R16: =SUM('PRODUKTIVITAS HARIAN'!EA10:EA22) -> 0.87496412 | S16: =SUM('PRODUKTIVITAS HARIAN'!EB10:EB22) -> 0.75830224 | T16: =SUM('PRODUKTIVITAS HARIAN'!EC10:EC22) -> 0.48174194 | ... AB16: =SUM('PRODUKTIVITAS HARIAN'!EK10:EK22) -> 0
A17: C | B17: ='BOBOT PEK'!C31 -> PEKERJAAN AREA GUDANG PARKIR SISI SAMPING UK.4,75X37M | I17: plan | L17: ='BOBOT PEK'!J42 -> 1.9395038 | O17: =L17/4 -> 0.48487595 | P17: =O17 -> 0.48487595 | Q17: =P17 -> 0.48487595 | R17: =Q17 -> 0.48487595
I18: aktual | L18: =SUM(M18:AB18) -> 0.029549227 | M18: =SUM('PRODUKTIVITAS HARIAN'!DV23:DV32) -> 0 | N18: =SUM('PRODUKTIVITAS HARIAN'!DW23:DW32) -> 0 | O18: =SUM('PRODUKTIVITAS HARIAN'!DX23:DX32) -> 0 | P18: =SUM('PRODUKTIVITAS HARIAN'!DY23:DY32) -> 0 | Q18: =SUM('PRODUKTIVITAS HARIAN'!DZ23:DZ32) -> 0 | R18: =SUM('PRODUKTIVITAS HARIAN'!EA23:EA32) -> 0 | S18: =SUM('PRODUKTIVITAS HARIAN'!EB23:EB32) -> 0 | T18: =SUM('PRODUKTIVITAS HARIAN'!EC23:EC32) -> 0.0026862934 | ... AB18: =SUM('PRODUKTIVITAS HARIAN'!EK23:EK32) -> 0
A19: D | B19: ='BOBOT PEK'!C44 -> PEKERJAAN PAGAR SAMPING P 40M x T 2,1M | I19: plan | L19: ='BOBOT PEK'!J50 -> 3.3072109 | P19: =L19/4 -> 0.82680272 | Q19: =P19 -> 0.82680272 | R19: =Q19 -> 0.82680272 | S19: =R19 -> 0.82680272
I20: aktual | L20: =SUM(M20:AB20) -> 0.75037128 | M20: =SUM('PRODUKTIVITAS HARIAN'!DV33:DV37) -> 0 | N20: =SUM('PRODUKTIVITAS HARIAN'!DW33:DW37) -> 0 | O20: =SUM('PRODUKTIVITAS HARIAN'!DX33:DX37) -> 0.028142121 | P20: =SUM('PRODUKTIVITAS HARIAN'!DY33:DY37) -> 0 | Q20: =SUM('PRODUKTIVITAS HARIAN'!DZ33:DZ37) -> 0.11589437 | R20: =SUM('PRODUKTIVITAS HARIAN'!EA33:EA37) -> 0 | S20: =SUM('PRODUKTIVITAS HARIAN'!EB33:EB37) -> 0 | T20: =SUM('PRODUKTIVITAS HARIAN'!EC33:EC37) -> 0.30316739 | ... AB20: =SUM('PRODUKTIVITAS HARIAN'!EK33:EK37) -> 0
A21: E | B21: ='BOBOT PEK'!C52 -> PEKERJAAN PAGAR DEPAN PJ,70 M, TINGGI 150 CM | I21: plan | L21: ='BOBOT PEK'!J59 -> 1.2841378 | Y21: =L21/2 -> 0.64206888 | Z21: =Y21 -> 0.64206888
I22: aktual | L22: =SUM(M22:AB22) -> 0.31397397 | M22: =SUM('PRODUKTIVITAS HARIAN'!DV38:DV43) -> 0 | N22: =SUM('PRODUKTIVITAS HARIAN'!DW38:DW43) -> 0 | O22: =SUM('PRODUKTIVITAS HARIAN'!DX38:DX43) -> 0 | P22: =SUM('PRODUKTIVITAS HARIAN'!DY38:DY43) -> 0 | Q22: =SUM('PRODUKTIVITAS HARIAN'!DZ38:DZ43) -> 0 | R22: =SUM('PRODUKTIVITAS HARIAN'!EA38:EA43) -> 0 | S22: =SUM('PRODUKTIVITAS HARIAN'!EB38:EB43) -> 0.041184715 | T22: =SUM('PRODUKTIVITAS HARIAN'!EC38:EC43) -> 0.14366809 | ... AB22: =SUM('PRODUKTIVITAS HARIAN'!EK38:EK43) -> 0
A23: F | B23: ='BOBOT PEK'!C61 -> PEKERJAAN KANOPI GENSET UK. 5.5 X4 M DAN JEMBATAN TIMBANG | I23: plan | L23: ='BOBOT PEK'!J64 -> 0.37032473 | S23: =L23/2 -> 0.18516236 | T23: =S23 -> 0.18516236
I24: aktual | L24: =SUM(M24:AB24) -> 0.05948221 | M24: =SUM('PRODUKTIVITAS HARIAN'!DV44:DV45) -> 0 | N24: =SUM('PRODUKTIVITAS HARIAN'!DW44:DW45) -> 0 | O24: =SUM('PRODUKTIVITAS HARIAN'!DX44:DX45) -> 0 | P24: =SUM('PRODUKTIVITAS HARIAN'!DY44:DY45) -> 0 | Q24: =SUM('PRODUKTIVITAS HARIAN'!DZ44:DZ45) -> 0 | R24: =SUM('PRODUKTIVITAS HARIAN'!EA44:EA45) -> 0 | S24: =SUM('PRODUKTIVITAS HARIAN'!EB44:EB45) -> 0 | T24: =SUM('PRODUKTIVITAS HARIAN'!EC44:EC45) -> 0.01918781 | ... AB24: =SUM('PRODUKTIVITAS HARIAN'!EK44:EK45) -> 0
A25: G | B25: ='BOBOT PEK'!C66 -> PEKERJAAN TAMAN DEPAN UK. 5X8 / 17X8 M, 17X30M, BELAKANG 21X28 / 5X36 M | I25: plan | L25: ='BOBOT PEK'!J72 -> 1.0275712 | P25: =L25/2 -> 0.51378558 | Q25: =P25 -> 0.51378558
I26: aktual | L26: =SUM(M26:AB26) -> 0.73681189 | M26: =SUM('PRODUKTIVITAS HARIAN'!DV46:DV50) -> 0.020466997 | N26: =SUM('PRODUKTIVITAS HARIAN'!DW46:DW50) -> 0.15861923 | O26: =SUM('PRODUKTIVITAS HARIAN'!DX46:DX50) -> 0.16814917 | P26: =SUM('PRODUKTIVITAS HARIAN'!DY46:DY50) -> 0 | Q26: =SUM('PRODUKTIVITAS HARIAN'!DZ46:DZ50) -> 0.051167493 | R26: =SUM('PRODUKTIVITAS HARIAN'!EA46:EA50) -> 0.051167493 | S26: =SUM('PRODUKTIVITAS HARIAN'!EB46:EB50) -> 0 | T26: =SUM('PRODUKTIVITAS HARIAN'!EC46:EC50) -> 0.082571541 | ... AB26: =SUM('PRODUKTIVITAS HARIAN'!EK46:EK50) -> 0
A27: H | B27: ='BOBOT PEK'!C74 -> PEKERJAAN JALAN | I27: plan | L27: ='BOBOT PEK'!J82 -> 42.78671 | M27: =L27/16 -> 2.6741694 | N27: =M27 -> 2.6741694 | O27: =N27 -> 2.6741694 | P27: =O27 -> 2.6741694 | Q27: =P27 -> 2.6741694 | R27: =Q27 -> 2.6741694 | S27: =R27 -> 2.6741694 | T27: =S27 -> 2.6741694 | U27: =T27 -> 2.6741694 | V27: =U27 -> 2.6741694 | W27: =U27 -> 2.6741694 | X27: =W27 -> 2.6741694 | Y27: =X27 -> 2.6741694 | Z27: =Y27 -> 2.6741694 | AA27: =Z27 -> 2.6741694 | AB27: =AA27 -> 2.6741694
I28: aktual | L28: =SUM(M28:AB28) -> 41.967482 | M28: =SUM('PRODUKTIVITAS HARIAN'!DV51:DV55) -> 0.846822 | N28: =SUM('PRODUKTIVITAS HARIAN'!DW51:DW55) -> 5.6667998 | O28: =SUM('PRODUKTIVITAS HARIAN'!DX51:DX55) -> 2.9011968 | P28: =SUM('PRODUKTIVITAS HARIAN'!DY51:DY55) -> 10.553295 | Q28: =SUM('PRODUKTIVITAS HARIAN'!DZ51:DZ55) -> 0.041957344 | R28: =SUM('PRODUKTIVITAS HARIAN'!EA51:EA55) -> 0 | S28: =SUM('PRODUKTIVITAS HARIAN'!EB51:EB55) -> 1.126964 | T28: =SUM('PRODUKTIVITAS HARIAN'!EC51:EC55) -> 9.3330857 | ... AB28: =SUM('PRODUKTIVITAS HARIAN'!EK51:EK55) -> 0
A29: J | B29: ='BOBOT PEK'!C84 -> PEKERJAAN PAGAR PERIMETER P 215M + 91M x T 2,4M | I29: plan | L29: ='BOBOT PEK'!J87 -> 1.8394202 | Y29: =L29/2 -> 0.9197101 | Z29: =Y29 -> 0.9197101
I30: aktual | L30: =SUM(M30:AB30) -> 1.5681557 | M30: =SUM('PRODUKTIVITAS HARIAN'!DV56:DV57) -> 0 | N30: =SUM('PRODUKTIVITAS HARIAN'!DW56:DW57) -> 0 | O30: =SUM('PRODUKTIVITAS HARIAN'!DX56:DX57) -> 0.0058842616 | P30: =SUM('PRODUKTIVITAS HARIAN'!DY56:DY57) -> 0.014710654 | Q30: =SUM('PRODUKTIVITAS HARIAN'!DZ56:DZ57) -> 0.41189832 | R30: =SUM('PRODUKTIVITAS HARIAN'!EA56:EA57) -> 0.40601405 | S30: =SUM('PRODUKTIVITAS HARIAN'!EB56:EB57) -> 0.41925364 | T30: =SUM('PRODUKTIVITAS HARIAN'!EC56:EC57) -> 0.24272579 | ... AB30: =SUM('PRODUKTIVITAS HARIAN'!EK56:EK57) -> 0
A31: K | B31: PEKERJAAN WATER TORN UK 4X4 M, BENGKEL UK. 12X7 M,. dan GUDANG BELAKANG | I31: plan | L31: ='BOBOT PEK'!J106 -> 7.1510281 | P31: =L31/8 -> 0.89387851 | Q31: =P31 -> 0.89387851 | R31: =Q31 -> 0.89387851 | S31: =R31 -> 0.89387851 | T31: =S31 -> 0.89387851 | U31: =T31 -> 0.89387851 | V31: =U31 -> 0.89387851 | W31: =U31 -> 0.89387851
I32: aktual | L32: =SUM(M32:AB32) -> 5.0290891 | M32: =SUM('PRODUKTIVITAS HARIAN'!DV58:DV73) -> 0.36840595 | N32: =SUM('PRODUKTIVITAS HARIAN'!DW58:DW73) -> 0.14736238 | O32: =SUM('PRODUKTIVITAS HARIAN'!DX58:DX73) -> 0 | P32: =SUM('PRODUKTIVITAS HARIAN'!DY58:DY73) -> 0.0061400991 | Q32: =SUM('PRODUKTIVITAS HARIAN'!DZ58:DZ73) -> 1.5913858 | R32: =SUM('PRODUKTIVITAS HARIAN'!EA58:EA73) -> 1.2052656 | S32: =SUM('PRODUKTIVITAS HARIAN'!EB58:EB73) -> 0.98599758 | T32: =SUM('PRODUKTIVITAS HARIAN'!EC58:EC73) -> 0.056540079 | ... AB32: =SUM('PRODUKTIVITAS HARIAN'!EK58:EK73) -> 0
A33: L | B33: ='BOBOT PEK'!C109 -> PEKERJAAN PAVING BLOCK UK. 1,85X169 M DAN SALURAN GOT Timur P 215M | I33: plan | L33: ='BOBOT PEK'!J115 -> 2.1298469 | P33: =L33/6 -> 0.35497448 | Q33: =P33 -> 0.35497448 | R33: =Q33 -> 0.35497448 | S33: =R33 -> 0.35497448 | T33: =S33 -> 0.35497448 | U33: =T33 -> 0.35497448
I34: aktual | L34: =SUM(M34:AB34) -> 1.8804054 | M34: =SUM('PRODUKTIVITAS HARIAN'!DV74:DV78) -> 0.11052178 | N34: =SUM('PRODUKTIVITAS HARIAN'!DW74:DW78) -> 0.18880805 | O34: =SUM('PRODUKTIVITAS HARIAN'!DX74:DX78) -> 0.12894208 | P34: =SUM('PRODUKTIVITAS HARIAN'!DY74:DY78) -> 0.24151057 | Q34: =SUM('PRODUKTIVITAS HARIAN'!DZ74:DZ78) -> 0.3387288 | R34: =SUM('PRODUKTIVITAS HARIAN'!EA74:EA78) -> 0.22718367 | S34: =SUM('PRODUKTIVITAS HARIAN'!EB74:EB78) -> 0.33003033 | T34: =SUM('PRODUKTIVITAS HARIAN'!EC74:EC78) -> 0.17908622 | ... AB34: =SUM('PRODUKTIVITAS HARIAN'!EK74:EK78) -> 0
A35: M | B35: ='BOBOT PEK'!C117 -> PEKERJAAN PENERANGAN JALAN | I35: plan | L35: ='BOBOT PEK'!J121 -> 1.1594554 | Y35: =L35/2 -> 0.57972769 | Z35: =Y35 -> 0.57972769
I36: aktual | L36: =SUM(M36:AB36) -> 1.1401351 | M36: =SUM('PRODUKTIVITAS HARIAN'!DV79:DV81) -> 0 | N36: =SUM('PRODUKTIVITAS HARIAN'!DW79:DW81) -> 0 | O36: =SUM('PRODUKTIVITAS HARIAN'!DX79:DX81) -> 0 | P36: =SUM('PRODUKTIVITAS HARIAN'!DY79:DY81) -> 0 | Q36: =SUM('PRODUKTIVITAS HARIAN'!DZ79:DZ81) -> 0 | R36: =SUM('PRODUKTIVITAS HARIAN'!EA79:EA81) -> 0.5561541 | S36: =SUM('PRODUKTIVITAS HARIAN'!EB79:EB81) -> 0.3632892 | T36: =SUM('PRODUKTIVITAS HARIAN'!EC79:EC81) -> 0.076751239 | ... AB36: =SUM('PRODUKTIVITAS HARIAN'!EK79:EK81) -> 0
A37: N | B37: ='BOBOT PEK'!C123 -> PEKERJAAN SALURAN GOT UTAMA (SEKELILING GUDANG) P156+46+98+17 | I37: plan | L37: ='BOBOT PEK'!J127 -> 1.488974 | W37: =L37/2 -> 0.74448702 | X37: =W37 -> 0.74448702
I38: aktual | L38: =SUM(M38:AB38) -> 0.023025372 | M38: =SUM('PRODUKTIVITAS HARIAN'!DV82:DV84) -> 0 | N38: =SUM('PRODUKTIVITAS HARIAN'!DW82:DW84) -> 0 | O38: =SUM('PRODUKTIVITAS HARIAN'!DX82:DX84) -> 0 | P38: =SUM('PRODUKTIVITAS HARIAN'!DY82:DY84) -> 0 | Q38: =SUM('PRODUKTIVITAS HARIAN'!DZ82:DZ84) -> 0.023025372 | R38: =SUM('PRODUKTIVITAS HARIAN'!EA82:EA84) -> 0 | S38: =SUM('PRODUKTIVITAS HARIAN'!EB82:EB84) -> 0 | T38: =SUM('PRODUKTIVITAS HARIAN'!EC82:EC84) -> 0 | ... AB38: =SUM('PRODUKTIVITAS HARIAN'!EK82:EK84) -> 0
A39: O | B39: ='BOBOT PEK'!C129 -> PEKERJAAN LAIN LAIN | I39: plan | L39: ='BOBOT PEK'!J133 -> 0.47969524 | S39: =L39/2 -> 0.23984762 | T39: =S39 -> 0.23984762
I40: aktual | L40: =SUM(M40:AB40) -> 0.0025583746 | M40: =SUM('PRODUKTIVITAS HARIAN'!DV85:DV87) -> 0 | N40: =SUM('PRODUKTIVITAS HARIAN'!DW85:DW87) -> 0 | O40: =SUM('PRODUKTIVITAS HARIAN'!DX85:DX87) -> 0 | P40: =SUM('PRODUKTIVITAS HARIAN'!DY85:DY87) -> 0 | Q40: =SUM('PRODUKTIVITAS HARIAN'!DZ85:DZ87) -> 0 | R40: =SUM('PRODUKTIVITAS HARIAN'!EA85:EA87) -> 0 | S40: =SUM('PRODUKTIVITAS HARIAN'!EB85:EB87) -> 0 | T40: =SUM('PRODUKTIVITAS HARIAN'!EC85:EC87) -> 0 | ... AB40: =SUM('PRODUKTIVITAS HARIAN'!EK85:EK87) -> 0
A41: P | B41: ='BOBOT PEK'!C135 -> PEKERJAAN INTERIOR | I41: plan | L41: ='BOBOT PEK'!J144 -> 1.5227446 | S41: =L41/4 -> 0.38068614 | T41: =S41 -> 0.38068614 | U41: =T41 -> 0.38068614 | V41: =U41 -> 0.38068614
I42: aktual | L42: =SUM(M42:AB42) -> 0.54861786 | M42: =SUM('PRODUKTIVITAS HARIAN'!DV88:DV95) -> 0 | N42: =SUM('PRODUKTIVITAS HARIAN'!DW88:DW95) -> 0 | O42: =SUM('PRODUKTIVITAS HARIAN'!DX88:DX95) -> 0 | P42: =SUM('PRODUKTIVITAS HARIAN'!DY88:DY95) -> 0 | Q42: =SUM('PRODUKTIVITAS HARIAN'!DZ88:DZ95) -> 0 | R42: =SUM('PRODUKTIVITAS HARIAN'!EA88:EA95) -> 0 | S42: =SUM('PRODUKTIVITAS HARIAN'!EB88:EB95) -> 0.3508555 | T42: =SUM('PRODUKTIVITAS HARIAN'!EC88:EC95) -> 0 | ... AB42: =SUM('PRODUKTIVITAS HARIAN'!EK88:EK95) -> 0
A43: II | B43: ='BOBOT PEK'!B160 -> Pekerjaan Gudang Atas
A44: A | B44: ='BOBOT PEK'!C166 -> PEKERJAAN PERSIAPAN | I44: plan | L44: ='BOBOT PEK'!J172 -> 0.30802831 | U44: =L44 -> 0.30802831
I45: aktual | L45: =SUM(M45:AB45) -> 0.2995345 | M45: =SUM('PRODUKTIVITAS HARIAN'!DV97:DV101) -> 0 | N45: =SUM('PRODUKTIVITAS HARIAN'!DW97:DW101) -> 0 | O45: =SUM('PRODUKTIVITAS HARIAN'!DX97:DX101) -> 0 | P45: =SUM('PRODUKTIVITAS HARIAN'!DY97:DY101) -> 0 | Q45: =SUM('PRODUKTIVITAS HARIAN'!DZ97:DZ101) -> 0 | R45: =SUM('PRODUKTIVITAS HARIAN'!EA97:EA101) -> 0.21766651 | S45: =SUM('PRODUKTIVITAS HARIAN'!EB97:EB101) -> 0.025583746 | T45: =SUM('PRODUKTIVITAS HARIAN'!EC97:EC101) -> 0.025583746 | ... AB45: =SUM('PRODUKTIVITAS HARIAN'!EK97:EK101) -> 0
A46: B | B46: ='BOBOT PEK'!C174 -> LAPANGAN BADMINTOON | I46: plan | L46: ='BOBOT PEK'!J180 -> 1.4145253 | U46: =L46/4 -> 0.35363133 | V46: =L46/4 -> 0.35363133 | W46: =V46 -> 0.35363133 | X46: =W46 -> 0.35363133
I47: aktual | L47: =SUM(M47:AB47) -> 0.44745972 | M47: =SUM('PRODUKTIVITAS HARIAN'!DV102:DV106) -> 0 | N47: =SUM('PRODUKTIVITAS HARIAN'!DW102:DW106) -> 0 | O47: =SUM('PRODUKTIVITAS HARIAN'!DX102:DX106) -> 0 | P47: =SUM('PRODUKTIVITAS HARIAN'!DY102:DY106) -> 0 | Q47: =SUM('PRODUKTIVITAS HARIAN'!DZ102:DZ106) -> 0 | R47: =SUM('PRODUKTIVITAS HARIAN'!EA102:EA106) -> 0 | S47: =SUM('PRODUKTIVITAS HARIAN'!EB102:EB106) -> 0.073937027 | T47: =SUM('PRODUKTIVITAS HARIAN'!EC102:EC106) -> 0 | ... AB47: =SUM('PRODUKTIVITAS HARIAN'!EK102:EK106) -> 0
A48: C | B48: ='BOBOT PEK'!C192 -> PEKERJAAN AREA GUDANG ATAS | I48: plan | L48: ='BOBOT PEK'!J204 -> 7.4696864 | U48: =L48/6 -> 1.2449477 | V48: =U48 -> 1.2449477 | W48: =L48/6 -> 1.2449477 | X48: =W48 -> 1.2449477 | Y48: =X48 -> 1.2449477 | Z48: =Y48 -> 1.2449477
I49: aktual | L49: =SUM(M49:AB49) -> 5.5140648 | M49: =SUM('PRODUKTIVITAS HARIAN'!DV107:DV116) -> 0 | N49: =SUM('PRODUKTIVITAS HARIAN'!DW107:DW116) -> 0 | O49: =SUM('PRODUKTIVITAS HARIAN'!DX107:DX116) -> 0 | P49: =SUM('PRODUKTIVITAS HARIAN'!DY107:DY116) -> 0 | Q49: =SUM('PRODUKTIVITAS HARIAN'!DZ107:DZ116) -> 1.1318249 | R49: =SUM('PRODUKTIVITAS HARIAN'!EA107:EA116) -> 1.2759893 | S49: =SUM('PRODUKTIVITAS HARIAN'!EB107:EB116) -> 2.4561676 | T49: =SUM('PRODUKTIVITAS HARIAN'!EC107:EC116) -> 0.51576833 | ... AB49: =SUM('PRODUKTIVITAS HARIAN'!EK107:EK116) -> 0
A50: III | B50: ='BOBOT PEK'!B207 -> Toko OT 24 Jam
A51: A | B51: ='BOBOT PEK'!C211 -> Pekerjaan Persiapan | I51: plan | L51: ='BOBOT PEK'!J216 -> 0.31263338 | U51: =L51 -> 0.31263338
I52: aktual | L52: =SUM(M52:AB52) -> 0.31263338 | M52: =SUM('PRODUKTIVITAS HARIAN'!DV117:DV120) -> 0.036584757 | N52: =SUM('PRODUKTIVITAS HARIAN'!DW117:DW120) -> 0 | O52: =SUM('PRODUKTIVITAS HARIAN'!DX117:DX120) -> 0.0043236531 | P52: =SUM('PRODUKTIVITAS HARIAN'!DY117:DY120) -> 0.054877136 | Q52: =SUM('PRODUKTIVITAS HARIAN'!DZ117:DZ120) -> 0 | R52: =SUM('PRODUKTIVITAS HARIAN'!EA117:EA120) -> 0.21684783 | S52: =SUM('PRODUKTIVITAS HARIAN'!EB117:EB120) -> 0 | T52: =SUM('PRODUKTIVITAS HARIAN'!EC117:EC120) -> 0 | ... AB52: =SUM('PRODUKTIVITAS HARIAN'!EK117:EK120) -> 0
A53: B | B53: ='BOBOT PEK'!C217 -> Pekerjaan Struktur - pondasi | I53: plan | L53: ='BOBOT PEK'!J223 -> 0.57269216 | V53: =L53/3 -> 0.19089739 | W53: =V53 -> 0.19089739 | X53: =W53 -> 0.19089739
I54: aktual | L54: =SUM(M54:AB54) -> 0.57269216 | M54: =SUM('PRODUKTIVITAS HARIAN'!DV121:DV125) -> 0 | N54: =SUM('PRODUKTIVITAS HARIAN'!DW121:DW125) -> 0 | O54: =SUM('PRODUKTIVITAS HARIAN'!DX121:DX125) -> 0.0099776611 | P54: =SUM('PRODUKTIVITAS HARIAN'!DY121:DY125) -> 0 | Q54: =SUM('PRODUKTIVITAS HARIAN'!DZ121:DZ125) -> 0.071506571 | R54: =SUM('PRODUKTIVITAS HARIAN'!EA121:EA125) -> 0 | S54: =SUM('PRODUKTIVITAS HARIAN'!EB121:EB125) -> 0 | T54: =SUM('PRODUKTIVITAS HARIAN'!EC121:EC125) -> 0 | ... AB54: =SUM('PRODUKTIVITAS HARIAN'!EK121:EK125) -> 0
A55: C | B55: ='BOBOT PEK'!C224 -> Pekerjaan Struktur - kolom | I55: plan | L55: ='BOBOT PEK'!J227 -> 0.34384555 | W55: =L55/2 -> 0.17192278 | X55: =W55 -> 0.17192278
I56: aktual | L56: =SUM(M56:AB56) -> 0.34384555 | M56: =SUM('PRODUKTIVITAS HARIAN'!DV126:DV127) -> 0 | N56: =SUM('PRODUKTIVITAS HARIAN'!DW126:DW127) -> 0 | O56: =SUM('PRODUKTIVITAS HARIAN'!DX126:DX127) -> 0 | P56: =SUM('PRODUKTIVITAS HARIAN'!DY126:DY127) -> 0.036840595 | Q56: =SUM('PRODUKTIVITAS HARIAN'!DZ126:DZ127) -> 0.073681189 | R56: =SUM('PRODUKTIVITAS HARIAN'!EA126:EA127) -> 0.23332377 | S56: =SUM('PRODUKTIVITAS HARIAN'!EB126:EB127) -> 0 | T56: =SUM('PRODUKTIVITAS HARIAN'!EC126:EC127) -> 0 | ... AB56: =SUM('PRODUKTIVITAS HARIAN'!EK126:EK127) -> 0
A57: D | B57: ='BOBOT PEK'!C228 -> Pekerjaan Atap | I57: plan | L57: ='BOBOT PEK'!J231 -> 1.4490634 | W57: =L57/2 -> 0.7245317 | X57: =W57 -> 0.7245317
I58: aktual | L58: =SUM(M58:AB58) -> 0.83505348 | M58: =SUM('PRODUKTIVITAS HARIAN'!DV128:DV129) -> 0 | N58: =SUM('PRODUKTIVITAS HARIAN'!DW128:DW129) -> 0 | O58: =SUM('PRODUKTIVITAS HARIAN'!DX128:DX129) -> 0 | P58: =SUM('PRODUKTIVITAS HARIAN'!DY128:DY129) -> 0 | Q58: =SUM('PRODUKTIVITAS HARIAN'!DZ128:DZ129) -> 0 | R58: =SUM('PRODUKTIVITAS HARIAN'!EA128:EA129) -> 0.50103209 | S58: =SUM('PRODUKTIVITAS HARIAN'!EB128:EB129) -> 0.17396947 | T58: =SUM('PRODUKTIVITAS HARIAN'!EC128:EC129) -> 0 | ... AB58: =SUM('PRODUKTIVITAS HARIAN'!EK128:EK129) -> 0
A59: E | B59: ='BOBOT PEK'!C232 -> Pekerjaan Arsitektur | I59: plan | L59: ='BOBOT PEK'!J246 -> 3.7531356 | W59: =L59/4 -> 0.9382839 | X59: =W59 -> 0.9382839 | Y59: =X59 -> 0.9382839 | Z59: =Y59 -> 0.9382839
I60: aktual | L60: =SUM(M60:AB60) -> 1.6729723 | M60: =SUM('PRODUKTIVITAS HARIAN'!DV130:DV142) -> 0 | N60: =SUM('PRODUKTIVITAS HARIAN'!DW130:DW142) -> 0 | O60: =SUM('PRODUKTIVITAS HARIAN'!DX130:DX142) -> 0 | P60: =SUM('PRODUKTIVITAS HARIAN'!DY130:DY142) -> 0 | Q60: =SUM('PRODUKTIVITAS HARIAN'!DZ130:DZ142) -> 0.57038962 | R60: =SUM('PRODUKTIVITAS HARIAN'!EA130:EA142) -> 0.27937451 | S60: =SUM('PRODUKTIVITAS HARIAN'!EB130:EB142) -> 0.042213181 | T60: =SUM('PRODUKTIVITAS HARIAN'!EC130:EC142) -> 0.33647743 | ... AB60: =SUM('PRODUKTIVITAS HARIAN'!EK130:EK142) -> 0
A61: F | B61: ='BOBOT PEK'!C247 -> Pekerjaan Lain lain | I61: plan | L61: ='BOBOT PEK'!J251 -> 0.30419074 | U61: =L61/2 -> 0.15209537 | V61: =U61 -> 0.15209537
I62: aktual | L62: =SUM(M62:AB62) -> 0.018931972 | M62: =SUM('PRODUKTIVITAS HARIAN'!DV143:DV145) -> 0 | N62: =SUM('PRODUKTIVITAS HARIAN'!DW143:DW145) -> 0 | O62: =SUM('PRODUKTIVITAS HARIAN'!DX143:DX145) -> 0 | P62: =SUM('PRODUKTIVITAS HARIAN'!DY143:DY145) -> 0 | Q62: =SUM('PRODUKTIVITAS HARIAN'!DZ143:DZ145) -> 0.018931972 | R62: =SUM('PRODUKTIVITAS HARIAN'!EA143:EA145) -> 0 | S62: =SUM('PRODUKTIVITAS HARIAN'!EB143:EB145) -> 0 | T62: =SUM('PRODUKTIVITAS HARIAN'!EC143:EC145) -> 0 | ... AB62: =SUM('PRODUKTIVITAS HARIAN'!EK143:EK145) -> 0
A63: G | B63: ='BOBOT PEK'!C252 -> Pekerjaan Interior Pos Satpam | I63: plan | L63: ='BOBOT PEK'!J256 -> 0.14582735 | Y63: =L63/2 -> 0.072913677 | Z63: =Y63 -> 0.072913677
I64: aktual | L64: =SUM(M64:AB64) -> 0.14582735 | M64: =SUM('PRODUKTIVITAS HARIAN'!DV146:DV148) -> 0 | N64: =SUM('PRODUKTIVITAS HARIAN'!DW146:DW148) -> 0 | O64: =SUM('PRODUKTIVITAS HARIAN'!DX146:DX148) -> 0 | P64: =SUM('PRODUKTIVITAS HARIAN'!DY146:DY148) -> 0 | Q64: =SUM('PRODUKTIVITAS HARIAN'!DZ146:DZ148) -> 0 | R64: =SUM('PRODUKTIVITAS HARIAN'!EA146:EA148) -> 0 | S64: =SUM('PRODUKTIVITAS HARIAN'!EB146:EB148) -> 0.14582735 | T64: =SUM('PRODUKTIVITAS HARIAN'!EC146:EC148) -> 0 | ... AB64: =SUM('PRODUKTIVITAS HARIAN'!EK146:EK148) -> 0
B68: TOTAL | L68: =SUMIF($I$12:$I$63,"plan",L12:L63) -> 100
B69: Rencana progress mingguan | M69: =SUMIF($I$12:$I$63,"plan",M12:M63) -> 2.9939662 | N69: =SUMIF($I$12:$I$63,"plan",N12:N63) -> 2.9939662 | O69: =SUMIF($I$12:$I$63,"plan",O12:O63) -> 5.7874938 | P69: =SUMIF($I$12:$I$63,"plan",P12:P63) -> 8.3769351 | Q69: =SUMIF($I$12:$I$63,"plan",Q12:Q63) -> 8.0571383 | R69: =SUMIF($I$12:$I$63,"plan",R12:R63) -> 7.5433527 | S69: =SUMIF($I$12:$I$63,"plan",S12:S63) -> 7.8641729 | T69: =SUMIF($I$12:$I$63,"plan",T12:T63) -> 7.0373702 | ... AB69: =SUMIF($I$12:$I$63,"plan",AB12:AB63) -> 2.6741694
B70: Rencana kumulatif progress mingguan | M70: =M69 -> 2.9939662 | N70: =M70+N69 -> 5.9879324 | O70: =N70+O69 -> 11.775426 | P70: =O70+P69 -> 20.152361 | Q70: =P70+Q69 -> 28.2095 | R70: =Q70+R69 -> 35.752852 | S70: =R70+S69 -> 43.617025 | T70: =S70+T69 -> 50.654395 | U70: =T70+U69 -> 59.638092 | ... AB70: =AA70+AB69 -> 100
B71: Realisasi progress mingguan | M71: =SUM('PRODUKTIVITAS HARIAN'!DV4:DV148) -> 2.3933595 | N71: =SUM('PRODUKTIVITAS HARIAN'!DW4:DW148) -> 6.1615895 | O71: =SUM('PRODUKTIVITAS HARIAN'!DX4:DX148) -> 3.2466158 | P71: =SUM('PRODUKTIVITAS HARIAN'!DY4:DY148) -> 10.984279 | Q71: =SUM('PRODUKTIVITAS HARIAN'!DZ4:DZ148) -> 6.2440459 | R71: =SUM('PRODUKTIVITAS HARIAN'!EA4:EA148) -> 6.1984856 | S71: =SUM('PRODUKTIVITAS HARIAN'!EB4:EB148) -> 7.2935756 | T71: =SUM('PRODUKTIVITAS HARIAN'!EC4:EC148) -> 11.799042 | ... AB71: =SUM('PRODUKTIVITAS HARIAN'!EK4:EK148) -> 0
B72: Realisasi kumulatif progress mingguan | M72: =M71 -> 2.3933595 | N72: =M72+N71 -> 8.5549489 | O72: =N72+O71 -> 11.801565 | P72: =O72+P71 -> 22.785844 | Q72: =P72+Q71 -> 29.02989 | R72: =Q72+R71 -> 35.228375 | S72: =R72+S71 -> 42.521951 | T72: =S72+T71 -> 54.320992 | U72: =T72+U71 -> 67.738798 | ... AB72: =AA72+AB71 -> 72.087823
L73: dev | M73: =M72-M70 -> -0.60060674 | N73: =N72-N70 -> 2.5670165 | O73: =O72-O70 -> 0.026138461 | P73: =P72-P70 -> 2.6334825 | Q73: =Q72-Q70 -> 0.82039004 | R73: =R72-R70 -> -0.52447707 | S73: =S72-S70 -> -1.0950744 | T73: =T72-T70 -> 3.666597 | ... AB73: =AB72-AB70 -> -27.912177
B74: Minggu | C74: Tanggal Mulai | D74: Tanggal Selesai
B75: Week 1 | C75: =#REF! -> #REF! | D75: =C75+6 -> #REF!
B76: Week 2 | C76: =C75+7 -> #REF! | D76: =C76+6 -> #REF!
B77: Week 3 | C77: =C76+7 -> #REF! | D77: =C77+6 -> #REF!
B78: Week 4 | C78: =C77+7 -> #REF! | D78: =C78+6 -> #REF!
B79: Week 5 | C79: =C78+7 -> #REF! | D79: =C79+6 -> #REF!
B80: Week 6 | C80: =C79+7 -> #REF! | D80: =C80+6 -> #REF!
B81: Week 7 | C81: =C80+7 -> #REF! | D81: =C81+6 -> #REF!
B82: Week 8 | C82: =C81+7 -> #REF! | D82: =C82+6 -> #REF!
B83: Week 9 | C83: =C82+7 -> #REF! | D83: =C83+6 -> #REF!
B84: Week 10 | C84: =C83+7 -> #REF! | D84: =C84+6 -> #REF!
B85: Week 11 | C85: =C84+7 -> #REF! | D85: =C85+6 -> #REF!
B86: Week 12 | C86: =C85+7 -> #REF! | D86: =C86+6 -> #REF!
B87: Week 13 | C87: =C86+7 -> #REF! | D87: =C87+6 -> #REF!
... B90: Week 16 | C90: =C89+7 -> #REF! | D90: =C90+6 -> #REF!
A95: No | B95: Termin pembayaran | D95: Bobot pekerjaan | G95: Nilai kontrak pekerjaan | L95: Prestasi pekerjaan | O95: Pekan | S95: Keterangan
A97: 1 | B97: Dp - 10% | D97: 0.1 | G97: ='BOBOT PEK'!H265 -> 3.9087317e+09 | L97: =D97*G97 -> 3.9087317e+08 | O97: 27,Juli 2026 | S97: Setelah action pekerjaan
A98: 2 | B98: Termin 1 - 5% | D98: 0.05 | G98: =G97 -> 3.9087317e+09 | L98: =D98*G98 -> 1.9543658e+08 | O98: 3,Agustus 2026 | S98: Pekerjaan persiapan
A99: 3 | B99: Termin 2 - 15% | D99: 0.05 | G99: =G98 -> 3.9087317e+09 | L99: =D99*G99 -> 1.9543658e+08 | O99: 17,Agustus 2026 | S99: Progress pekerjaan 20%
A100: 4 | B100: Termin 3 - 15% | D100: 0.15 | G100: =G99 -> 3.9087317e+09 | L100: =D100*G100 -> 5.8630975e+08 | O100: 1,September 2026 | S100: Progress pekerjaan 35%
A101: 5 | B101: Termin 4 - 15% | D101: 0.15 | G101: =G100 -> 3.9087317e+09 | L101: =D101*G101 -> 5.8630975e+08 | O101: 14,September 2026 | S101: Progress pekerjaan 50%
A102: 6 | B102: Termin 5 - 15% | D102: 0.15 | G102: =G100 -> 3.9087317e+09 | L102: =D102*G102 -> 5.8630975e+08 | O102: 28,September 2026 | S102: Progress pekerjaan 65%
A103: 7 | B103: Termin 6 - 15% | D103: 0.15 | G103: =G102 -> 3.9087317e+09 | L103: =D103*G103 -> 5.8630975e+08 | O103: 12,Oktober 2026 | S103: Progress pekerjaan 80%
A104: 8 | B104: Termin 7 - 5% | D104: 0.15 | G104: =G103 -> 3.9087317e+09 | L104: =D104*G104 -> 5.8630975e+08 | O104: 9,November 2026 | S104: Progress pekerjaan 100%
A105: 9 | B105: Maintanance 5% | D105: 0.05 | G105: =G104 -> 3.9087317e+09 | L105: =D105*G105 -> 1.9543658e+08 | O105: Terhitung 3 bulan dari BAST 1

Sheet KALENDER MINGGU
A1: KALENDER MINGGU — DASAR PERHITUNGAN TANGGAL TIME SCHEDULE
A3: Tanggal Mulai Proyek (awal Week 1): | B3: 46226 | D3: << ASUMSI/INPUT — ubah di sini, seluruh Week 1-16 & TS ikut bergeser otomatis
A5: Minggu | B5: Tanggal Mulai | C5: Tanggal Selesai
A6: Week 1 | B6: =$B$3 -> 46226 | C6: =B6+6 -> 46232
A7: Week 2 | B7: =B6+7 -> 46233 | C7: =B7+6 -> 46239
A8: Week 3 | B8: =B7+7 -> 46240 | C8: =B8+6 -> 46246
A9: Week 4 | B9: =B8+7 -> 46247 | C9: =B9+6 -> 46253
A10: Week 5 | B10: =B9+7 -> 46254 | C10: =B10+6 -> 46260
A11: Week 6 | B11: =B10+7 -> 46261 | C11: =B11+6 -> 46267
A12: Week 7 | B12: =B11+7 -> 46268 | C12: =B12+6 -> 46274
A13: Week 8 | B13: =B12+7 -> 46275 | C13: =B13+6 -> 46281
A14: Week 9 | B14: =B13+7 -> 46282 | C14: =B14+6 -> 46288
A15: Week 10 | B15: =B14+7 -> 46289 | C15: =B15+6 -> 46295
A16: Week 11 | B16: =B15+7 -> 46296 | C16: =B16+6 -> 46302
A17: Week 12 | B17: =B16+7 -> 46303 | C17: =B17+6 -> 46309
A18: Week 13 | B18: =B17+7 -> 46310 | C18: =B18+6 -> 46316
... A21: Week 16 | B21: =B20+7 -> 46331 | C21: =B21+6 -> 46337

Sheet PRODUKTIVITAS HARIAN
A1: PRODUKTIVITAS HARIAN & DISTRIBUSI BOBOT PEKERJAAN (sumber dinamis untuk sheet TS)
A2: Isi volume pekerjaan HARIAN (bukan persen) pada kolom Hari 1..112 (kuning=area input). Tanggal di bawah H1..H112 = asumsi Tanggal Mulai Proyek (KALENDER MINGGU!B3). Jika kolom I (Tanggal Mulai Item) suatu baris diubah manual, tanggal aktual baris itu bergeser mengikuti kolom I, bukan tanggal di header.
A3: No | B3: Ref BOBOT PEK | C3: Paket Pekerjaan | D3: Sec | E3: Item Pekerjaan | F3: Volume Target | G3: Sat. | H3: Bobot Item (%) | I3: Tanggal Mulai Item | J3: Total Realisasi | K3: Sisa Volume | L3: Progres Item (%) | M3: Validasi | N3: ="H1"&CHAR(10)&TEXT('KALENDER MINGGU'!$B$3+0,"dd-mmm") -> H1 23-Jul | O3: ="H2"&CHAR(10)&TEXT('KALENDER MINGGU'!$B$3+1,"dd-mmm") -> H2 24-Jul | P3: ="H3"&CHAR(10)&TEXT('KALENDER MINGGU'!$B$3+2,"dd-mmm") -> H3 25-Jul | Q3: ="H4"&CHAR(10)&TEXT('KALENDER MINGGU'!$B$3+3,"dd-mmm") -> H4 26-Jul | R3: ="H5"&CHAR(10)&TEXT('KALENDER MINGGU'!$B$3+4,"dd-mmm") -> H5 27-Jul | S3: ="H6"&CHAR(10)&TEXT('KALENDER MINGGU'!$B$3+5,"dd-mmm") -> H6 28-Jul | T3: ="H7"&CHAR(10)&TEXT('KALENDER MINGGU'!$B$3+6,"dd-mmm") -> H7 29-Jul | U3: ="H8"&CHAR(10)&TEXT('KALENDER MINGGU'!$B$3+7,"dd-mmm") -> H8 30-Jul | V3: ="H9"&CHAR(10)&TEXT('KALENDER MINGGU'!$B$3+8,"dd-mmm") -> H9 31-Jul | W3: ="H10"&CHAR(10)&TEXT('KALENDER MINGGU'!$B$3+9,"dd-mmm") -> H10 01-Agu | X3: ="H11"&CHAR(10)&TEXT('KALENDER MINGGU'!$B$3+10,"dd-mmm") -> H11 02-Agu | Y3: ="H12"&CHAR(10)&TEXT('KALENDER MINGGU'!$B$3+11,"dd-mmm") -> H12 03-Agu | Z3: ="H13"&CHAR(10)&TEXT('KALENDER MINGGU'!$B$3+12,"dd-mmm") -> H13 04-Agu | AA3: ="H14"&CHAR(10)&TEXT('KALENDER MINGGU'!$B$3+13,"dd-mmm") -> H14 05-Agu | AB3: ="H15"&CHAR(10)&TEXT('KALENDER MINGGU'!$B$3+14,"dd-mmm") -> H15 06-Agu | AC3: ="H16"&CHAR(10)&TEXT('KALENDER MINGGU'!$B$3+15,"dd-mmm") -> H16 07-Agu | AD3: ="H17"&CHAR(10)&TEXT('KALENDER MINGGU'!$B$3+16,"dd-mmm") -> H17 08-Agu | AE3: ="H18"&CHAR(10)&TEXT('KALENDER MINGGU'!$B$3+17,"dd-mmm") -> H18 09-Agu | AF3: ="H19"&CHAR(10)&TEXT('KALENDER MINGGU'!$B$3+18,"dd-mmm") -> H19 10-Agu | AG3: ="H20"&CHAR(10)&TEXT('KALENDER MINGGU'!$B$3+19,"dd-mmm") -> H20 11-Agu | AH3: ="H21"&CHAR(10)&TEXT('KALENDER MINGGU'!$B$3+20,"dd-mmm") -> H21 12-Agu | AI3: ="H22"&CHAR(10)&TEXT('KALENDER MINGGU'!$B$3+21,"dd-mmm") -> H22 13-Agu | AJ3: ="H23"&CHAR(10)&TEXT('KALENDER MINGGU'!$B$3+22,"dd-mmm") -> H23 14-Agu | AK3: ="H24"&CHAR(10)&TEXT('KALENDER MINGGU'!$B$3+23,"dd-mmm") -> H24 15-Agu | AL3: ="H25"&CHAR(10)&TEXT('KALENDER MINGGU'!$B$3+24,"dd-mmm") -> H25 16-Agu | AM3: ="H26"&CHAR(10)&TEXT('KALENDER MINGGU'!$B$3+25,"dd-mmm") -> H26 17-Agu | AN3: ="H27"&CHAR(10)&TEXT('KALENDER MINGGU'!$B$3+26,"dd-mmm") -> H27 18-Agu | AO3: ="H28"&CHAR(10)&TEXT('KALENDER MINGGU'!$B$3+27,"dd-mmm") -> H28 19-Agu | AP3: ="H29"&CHAR(10)&TEXT('KALENDER MINGGU'!$B$3+28,"dd-mmm") -> H29 20-Agu | AQ3: ="H30"&CHAR(10)&TEXT('KALENDER MINGGU'!$B$3+29,"dd-mmm") -> H30 21-Agu | AR3: ="H31"&CHAR(10)&TEXT('KALENDER MINGGU'!$B$3+30,"dd-mmm") -> H31 22-Agu | AS3: ="H32"&CHAR(10)&TEXT('KALENDER MINGGU'!$B$3+31,"dd-mmm") -> H32 23-Agu | AT3: ="H33"&CHAR(10)&TEXT('KALENDER MINGGU'!$B$3+32,"dd-mmm") -> H33 24-Agu | AU3: ="H34"&CHAR(10)&TEXT('KALENDER MINGGU'!$B$3+33,"dd-mmm") -> H34 25-Agu | AV3: ="H35"&CHAR(10)&TEXT('KALENDER MINGGU'!$B$3+34,"dd-mmm") -> H35 26-Agu | AW3: ="H36"&CHAR(10)&TEXT('KALENDER MINGGU'!$B$3+35,"dd-mmm") -> H36 27-Agu | AX3: ="H37"&CHAR(10)&TEXT('KALENDER MINGGU'!$B$3+36,"dd-mmm") -> H37 28-Agu | AY3: ="H38"&CHAR(10)&TEXT('KALENDER MINGGU'!$B$3+37,"dd-mmm") -> H38 29-Agu | AZ3: ="H39"&CHAR(10)&TEXT('KALENDER MINGGU'!$B$3+38,"dd-mmm") -> H39 30-Agu | BA3: ="H40"&CHAR(10)&TEXT('KALENDER MINGGU'!$B$3+39,"dd-mmm") -> H40 31-Agu | BB3: ="H41"&CHAR(10)&TEXT('KALENDER MINGGU'!$B$3+40,"dd-mmm") -> H41 01-Sep | BC3: ="H42"&CHAR(10)&TEXT('KALENDER MINGGU'!$B$3+41,"dd-mmm") -> H42 02-Sep | BD3: ="H43"&CHAR(10)&TEXT('KALENDER MINGGU'!$B$3+42,"dd-mmm") -> H43 03-Sep | BE3: ="H44"&CHAR(10)&TEXT('KALENDER MINGGU'!$B$3+43,"dd-mmm") -> H44 04-Sep | BF3: ="H45"&CHAR(10)&TEXT('KALENDER MINGGU'!$B$3+44,"dd-mmm") -> H45 05-Sep | BG3: ="H46"&CHAR(10)&TEXT('KALENDER MINGGU'!$B$3+45,"dd-mmm") -> H46 06-Sep | BH3: ="H47"&CHAR(10)&TEXT('KALENDER MINGGU'!$B$3+46,"dd-mmm") -> H47 07-Sep | BI3: ="H48"&CHAR(10)&TEXT('KALENDER MINGGU'!$B$3+47,"dd-mmm") -> H48 08-Sep | BJ3: ="H49"&CHAR(10)&TEXT('KALENDER MINGGU'!$B$3+48,"dd-mmm") -> H49 09-Sep | BK3: ="H50"&CHAR(10)&TEXT('KALENDER MINGGU'!$B$3+49,"dd-mmm") -> H50 10-Sep | BL3: ="H51"&CHAR(10)&TEXT('KALENDER MINGGU'!$B$3+50,"dd-mmm") -> H51 11-Sep | BM3: ="H52"&CHAR(10)&TEXT('KALENDER MINGGU'!$B$3+51,"dd-mmm") -> H52 12-Sep | BN3: ="H53"&CHAR(10)&TEXT('KALENDER MINGGU'!$B$3+52,"dd-mmm") -> H53 13-Sep | BO3: ="H54"&CHAR(10)&TEXT('KALENDER MINGGU'!$B$3+53,"dd-mmm") -> H54 14-Sep | BP3: ="H55"&CHAR(10)&TEXT('KALENDER MINGGU'!$B$3+54,"dd-mmm") -> H55 15-Sep | BQ3: ="H56"&CHAR(10)&TEXT('KALENDER MINGGU'!$B$3+55,"dd-mmm") -> H56 16-Sep | BR3: ="H57"&CHAR(10)&TEXT('KALENDER MINGGU'!$B$3+56,"dd-mmm") -> H57 17-Sep | BS3: ="H58"&CHAR(10)&TEXT('KALENDER MINGGU'!$B$3+57,"dd-mmm") -> H58 18-Sep | BT3: ="H59"&CHAR(10)&TEXT('KALENDER MINGGU'!$B$3+58,"dd-mmm") -> H59 19-Sep | BU3: ="H60"&CHAR(10)&TEXT('KALENDER MINGGU'!$B$3+59,"dd-mmm") -> H60 20-Sep | BV3: ="H61"&CHAR(10)&TEXT('KALENDER MINGGU'!$B$3+60,"dd-mmm") -> H61 21-Sep | BW3: ="H62"&CHAR(10)&TEXT('KALENDER MINGGU'!$B$3+61,"dd-mmm") -> H62 22-Sep | BX3: ="H63"&CHAR(10)&TEXT('KALENDER MINGGU'!$B$3+62,"dd-mmm") -> H63 23-Sep | BY3: ="H64"&CHAR(10)&TEXT('KALENDER MINGGU'!$B$3+63,"dd-mmm") -> H64 24-Sep | BZ3: ="H65"&CHAR(10)&TEXT('KALENDER MINGGU'!$B$3+64,"dd-mmm") -> H65 25-Sep | CA3: ="H66"&CHAR(10)&TEXT('KALENDER MINGGU'!$B$3+65,"dd-mmm") -> H66 26-Sep | CB3: ="H67"&CHAR(10)&TEXT('KALENDER MINGGU'!$B$3+66,"dd-mmm") -> H67 27-Sep | CC3: ="H68"&CHAR(10)&TEXT('KALENDER MINGGU'!$B$3+67,"dd-mmm") -> H68 28-Sep | CD3: ="H69"&CHAR(10)&TEXT('KALENDER MINGGU'!$B$3+68,"dd-mmm") -> H69 29-Sep | CE3: ="H70"&CHAR(10)&TEXT('KALENDER MINGGU'!$B$3+69,"dd-mmm") -> H70 30-Sep | CF3: ="H71"&CHAR(10)&TEXT('KALENDER MINGGU'!$B$3+70,"dd-mmm") -> H71 01-Okt | CG3: ="H72"&CHAR(10)&TEXT('KALENDER MINGGU'!$B$3+71,"dd-mmm") -> H72 02-Okt | CH3: ="H73"&CHAR(10)&TEXT('KALENDER MINGGU'!$B$3+72,"dd-mmm") -> H73 03-Okt | CI3: ="H74"&CHAR(10)&TEXT('KALENDER MINGGU'!$B$3+73,"dd-mmm") -> H74 04-Okt | CJ3: ="H75"&CHAR(10)&TEXT('KALENDER MINGGU'!$B$3+74,"dd-mmm") -> H75 05-Okt | CK3: ="H76"&CHAR(10)&TEXT('KALENDER MINGGU'!$B$3+75,"dd-mmm") -> H76 06-Okt | CL3: ="H77"&CHAR(10)&TEXT('KALENDER MINGGU'!$B$3+76,"dd-mmm") -> H77 07-Okt | CM3: ="H78"&CHAR(10)&TEXT('KALENDER MINGGU'!$B$3+77,"dd-mmm") -> H78 08-Okt | CN3: ="H79"&CHAR(10)&TEXT('KALENDER MINGGU'!$B$3+78,"dd-mmm") -> H79 09-Okt | CO3: ="H80"&CHAR(10)&TEXT('KALENDER MINGGU'!$B$3+79,"dd-mmm") -> H80 10-Okt | CP3: ="H81"&CHAR(10)&TEXT('KALENDER MINGGU'!$B$3+80,"dd-mmm") -> H81 11-Okt | CQ3: ="H82"&CHAR(10)&TEXT('KALENDER MINGGU'!$B$3+81,"dd-mmm") -> H82 12-Okt | CR3: ="H83"&CHAR(10)&TEXT('KALENDER MINGGU'!$B$3+82,"dd-mmm") -> H83 13-Okt | CS3: ="H84"&CHAR(10)&TEXT('KALENDER MINGGU'!$B$3+83,"dd-mmm") -> H84 14-Okt | CT3: ="H85"&CHAR(10)&TEXT('KALENDER MINGGU'!$B$3+84,"dd-mmm") -> H85 15-Okt | CU3: ="H86"&CHAR(10)&TEXT('KALENDER MINGGU'!$B$3+85,"dd-mmm") -> H86 16-Okt | CV3: ="H87"&CHAR(10)&TEXT('KALENDER MINGGU'!$B$3+86,"dd-mmm") -> H87 17-Okt | CW3: ="H88"&CHAR(10)&TEXT('KALENDER MINGGU'!$B$3+87,"dd-mmm") -> H88 18-Okt | CX3: ="H89"&CHAR(10)&TEXT('KALENDER MINGGU'!$B$3+88,"dd-mmm") -> H89 19-Okt | CY3: ="H90"&CHAR(10)&TEXT('KALENDER MINGGU'!$B$3+89,"dd-mmm") -> H90 20-Okt | CZ3: ="H91"&CHAR(10)&TEXT('KALENDER MINGGU'!$B$3+90,"dd-mmm") -> H91 21-Okt | DA3: ="H92"&CHAR(10)&TEXT('KALENDER MINGGU'!$B$3+91,"dd-mmm") -> H92 22-Okt | DB3: ="H93"&CHAR(10)&TEXT('KALENDER MINGGU'!$B$3+92,"dd-mmm") -> H93 23-Okt | DC3: ="H94"&CHAR(10)&TEXT('KALENDER MINGGU'!$B$3+93,"dd-mmm") -> H94 24-Okt | DD3: ="H95"&CHAR(10)&TEXT('KALENDER MINGGU'!$B$3+94,"dd-mmm") -> H95 25-Okt | DE3: ="H96"&CHAR(10)&TEXT('KALENDER MINGGU'!$B$3+95,"dd-mmm") -> H96 26-Okt | DF3: ="H97"&CHAR(10)&TEXT('KALENDER MINGGU'!$B$3+96,"dd-mmm") -> H97 27-Okt | DG3: ="H98"&CHAR(10)&TEXT('KALENDER MINGGU'!$B$3+97,"dd-mmm") -> H98 28-Okt | DH3: ="H99"&CHAR(10)&TEXT('KALENDER MINGGU'!$B$3+98,"dd-mmm") -> H99 29-Okt | DI3: ="H100"&CHAR(10)&TEXT('KALENDER MINGGU'!$B$3+99,"dd-mmm") -> H100 30-Okt | DJ3: ="H101"&CHAR(10)&TEXT('KALENDER MINGGU'!$B$3+100,"dd-mmm") -> H101 31-Okt | DK3: ="H102"&CHAR(10)&TEXT('KALENDER MINGGU'!$B$3+101,"dd-mmm") -> H102 01-Nov | DL3: ="H103"&CHAR(10)&TEXT('KALENDER MINGGU'!$B$3+102,"dd-mmm") -> H103 02-Nov | DM3: ="H104"&CHAR(10)&TEXT('KALENDER MINGGU'!$B$3+103,"dd-mmm") -> H104 03-Nov | DN3: ="H105"&CHAR(10)&TEXT('KALENDER MINGGU'!$B$3+104,"dd-mmm") -> H105 04-Nov | DO3: ="H106"&CHAR(10)&TEXT('KALENDER MINGGU'!$B$3+105,"dd-mmm") -> H106 05-Nov | DP3: ="H107"&CHAR(10)&TEXT('KALENDER MINGGU'!$B$3+106,"dd-mmm") -> H107 06-Nov | DQ3: ="H108"&CHAR(10)&TEXT('KALENDER MINGGU'!$B$3+107,"dd-mmm") -> H108 07-Nov | DR3: ="H109"&CHAR(10)&TEXT('KALENDER MINGGU'!$B$3+108,"dd-mmm") -> H109 08-Nov | DS3: ="H110"&CHAR(10)&TEXT('KALENDER MINGGU'!$B$3+109,"dd-mmm") -> H110 09-Nov | DT3: ="H111"&CHAR(10)&TEXT('KALENDER MINGGU'!$B$3+110,"dd-mmm") -> H111 10-Nov | DU3: ="H112"&CHAR(10)&TEXT('KALENDER MINGGU'!$B$3+111,"dd-mmm") -> H112 11-Nov | DV3: Mgg1 | DW3: Mgg2 | DX3: Mgg3 | DY3: Mgg4 | DZ3: Mgg5 | EA3: Mgg6 | EB3: Mgg7 | EC3: Mgg8 | ED3: Mgg9 | EE3: Mgg10 | EF3: Mgg11 | EG3: Mgg12 | EH3: Mgg13 | EI3: Mgg14 | EJ3: Mgg15 | EK3: Mgg16
A4: 1 | B4: 8 | C4: =IF(B4<160,'BOBOT PEK'!$B$4,IF(B4<207,'BOBOT PEK'!$B$160,'BOBOT PEK'!$B$207)) -> Pekerjaan Gudang Umum | D4: A | E4: ='BOBOT PEK'!C8 -> PEKERJAAN PERSIAPAN | F4: =IF(OR('BOBOT PEK'!E8="",'BOBOT PEK'!E8=0),1,'BOBOT PEK'!E8) -> 1 | G4: =IF('BOBOT PEK'!F8="","ls",'BOBOT PEK'!F8) -> ls | H4: ='BOBOT PEK'!J8 -> 0 | I4: ='KALENDER MINGGU'!$B$3 -> 46226 | J4: =SUM(N4:DU4) -> 1 | K4: =MAX(F4-J4,0) -> 0 | L4: =MIN(J4/F4,1) -> 1 | M4: =IF(J4>F4,"MELEBIHI VOLUME!","OK") -> OK | N4: 1 | DV4: =SUMPRODUCT((($I4+COLUMN($N$3:$DU$3)-COLUMN($N$3))>='KALENDER MINGGU'!$B$6)*(($I4+COLUMN($N$3:$DU$3)-COLUMN($N$3))<='KALENDER MINGGU'!$C$6)*(N4:DU4))/F4*H4 -> 0 | DW4: =SUMPRODUCT((($I4+COLUMN($N$3:$DU$3)-COLUMN($N$3))>='KALENDER MINGGU'!$B$7)*(($I4+COLUMN($N$3:$DU$3)-COLUMN($N$3))<='KALENDER MINGGU'!$C$7)*(N4:DU4))/F4*H4 -> 0 | DX4: =SUMPRODUCT((($I4+COLUMN($N$3:$DU$3)-COLUMN($N$3))>='KALENDER MINGGU'!$B$8)*(($I4+COLUMN($N$3:$DU$3)-COLUMN($N$3))<='KALENDER MINGGU'!$C$8)*(N4:DU4))/F4*H4 -> 0 | DY4: =SUMPRODUCT((($I4+COLUMN($N$3:$DU$3)-COLUMN($N$3))>='KALENDER MINGGU'!$B$9)*(($I4+COLUMN($N$3:$DU$3)-COLUMN($N$3))<='KALENDER MINGGU'!$C$9)*(N4:DU4))/F4*H4 -> 0 | DZ4: =SUMPRODUCT((($I4+COLUMN($N$3:$DU$3)-COLUMN($N$3))>='KALENDER MINGGU'!$B$10)*(($I4+COLUMN($N$3:$DU$3)-COLUMN($N$3))<='KALENDER MINGGU'!$C$10)*(N4:DU4))/F4*H4 -> 0 | EA4: =SUMPRODUCT((($I4+COLUMN($N$3:$DU$3)-COLUMN($N$3))>='KALENDER MINGGU'!$B$11)*(($I4+COLUMN($N$3:$DU$3)-COLUMN($N$3))<='KALENDER MINGGU'!$C$11)*(N4:DU4))/F4*H4 -> 0 | EB4: =SUMPRODUCT((($I4+COLUMN($N$3:$DU$3)-COLUMN($N$3))>='KALENDER MINGGU'!$B$12)*(($I4+COLUMN($N$3:$DU$3)-COLUMN($N$3))<='KALENDER MINGGU'!$C$12)*(N4:DU4))/F4*H4 -> 0 | EC4: =SUMPRODUCT((($I4+COLUMN($N$3:$DU$3)-COLUMN($N$3))>='KALENDER MINGGU'!$B$13)*(($I4+COLUMN($N$3:$DU$3)-COLUMN($N$3))<='KALENDER MINGGU'!$C$13)*(N4:DU4))/F4*H4 -> 0 | ED4: =SUMPRODUCT((($I4+COLUMN($N$3:$DU$3)-COLUMN($N$3))>='KALENDER MINGGU'!$B$14)*(($I4+COLUMN($N$3:$DU$3)-COLUMN($N$3))<='KALENDER MINGGU'!$C$14)*(N4:DU4))/F4*H4 -> 0 | EE4: =SUMPRODUCT((($I4+COLUMN($N$3:$DU$3)-COLUMN($N$3))>='KALENDER MINGGU'!$B$15)*(($I4+COLUMN($N$3:$DU$3)-COLUMN($N$3))<='KALENDER MINGGU'!$C$15)*(N4:DU4))/F4*H4 -> 0 | EF4: =SUMPRODUCT((($I4+COLUMN($N$3:$DU$3)-COLUMN($N$3))>='KALENDER MINGGU'!$B$16)*(($I4+COLUMN($N$3:$DU$3)-COLUMN($N$3))<='KALENDER MINGGU'!$C$16)*(N4:DU4))/F4*H4 -> 0 | EG4: =SUMPRODUCT((($I4+COLUMN($N$3:$DU$3)-COLUMN($N$3))>='KALENDER MINGGU'!$B$17)*(($I4+COLUMN($N$3:$DU$3)-COLUMN($N$3))<='KALENDER MINGGU'!$C$17)*(N4:DU4))/F4*H4 -> 0 | EH4: =SUMPRODUCT((($I4+COLUMN($N$3:$DU$3)-COLUMN($N$3))>='KALENDER MINGGU'!$B$18)*(($I4+COLUMN($N$3:$DU$3)-COLUMN($N$3))<='KALENDER MINGGU'!$C$18)*(N4:DU4))/F4*H4 -> 0 | EI4: =SUMPRODUCT((($I4+COLUMN($N$3:$DU$3)-COLUMN($N$3))>='KALENDER MINGGU'!$B$19)*(($I4+COLUMN($N$3:$DU$3)-COLUMN($N$3))<='KALENDER MINGGU'!$C$19)*(N4:DU4))/F4*H4 -> 0 | EJ4: =SUMPRODUCT((($I4+COLUMN($N$3:$DU$3)-COLUMN($N$3))>='KALENDER MINGGU'!$B$20)*(($I4+COLUMN($N$3:$DU$3)-COLUMN($N$3))<='KALENDER MINGGU'!$C$20)*(N4:DU4))/F4*H4 -> 0 | EK4: =SUMPRODUCT((($I4+COLUMN($N$3:$DU$3)-COLUMN($N$3))>='KALENDER MINGGU'!$B$21)*(($I4+COLUMN($N$3:$DU$3)-COLUMN($N$3))<='KALENDER MINGGU'!$C$21)*(N4:DU4))/F4*H4 -> 0
A5: 2 | B5: 9 | C5: =IF(B5<160,'BOBOT PEK'!$B$4,IF(B5<207,'BOBOT PEK'!$B$160,'BOBOT PEK'!$B$207)) -> Pekerjaan Gudang Umum | D5: A | E5: ='BOBOT PEK'!C9 -> Pekerjaan Persiapan | F5: =IF(OR('BOBOT PEK'!E9="",'BOBOT PEK'!E9=0),1,'BOBOT PEK'!E9) -> 1 | G5: =IF('BOBOT PEK'!F9="","ls",'BOBOT PEK'!F9) -> Is | H5: ='BOBOT PEK'!J9 -> 0.51167493 | I5: ='KALENDER MINGGU'!$B$3 -> 46226 | J5: =SUM(N5:DU5) -> 1 | K5: =MAX(F5-J5,0) -> 0 | L5: =MIN(J5/F5,1) -> 1 | M5: =IF(J5>F5,"MELEBIHI VOLUME!","OK") -> OK | N5: 1 | DV5: =SUMPRODUCT((($I5+COLUMN($N$3:$DU$3)-COLUMN($N$3))>='KALENDER MINGGU'!$B$6)*(($I5+COLUMN($N$3:$DU$3)-COLUMN($N$3))<='KALENDER MINGGU'!$C$6)*(N5:DU5))/F5*H5 -> 0.51167493 | DW5: =SUMPRODUCT((($I5+COLUMN($N$3:$DU$3)-COLUMN($N$3))>='KALENDER MINGGU'!$B$7)*(($I5+COLUMN($N$3:$DU$3)-COLUMN($N$3))<='KALENDER MINGGU'!$C$7)*(N5:DU5))/F5*H5 -> 0 | DX5: =SUMPRODUCT((($I5+COLUMN($N$3:$DU$3)-COLUMN($N$3))>='KALENDER MINGGU'!$B$8)*(($I5+COLUMN($N$3:$DU$3)-COLUMN($N$3))<='KALENDER MINGGU'!$C$8)*(N5:DU5))/F5*H5 -> 0 | DY5: =SUMPRODUCT((($I5+COLUMN($N$3:$DU$3)-COLUMN($N$3))>='KALENDER MINGGU'!$B$9)*(($I5+COLUMN($N$3:$DU$3)-COLUMN($N$3))<='KALENDER MINGGU'!$C$9)*(N5:DU5))/F5*H5 -> 0 | DZ5: =SUMPRODUCT((($I5+COLUMN($N$3:$DU$3)-COLUMN($N$3))>='KALENDER MINGGU'!$B$10)*(($I5+COLUMN($N$3:$DU$3)-COLUMN($N$3))<='KALENDER MINGGU'!$C$10)*(N5:DU5))/F5*H5 -> 0 | EA5: =SUMPRODUCT((($I5+COLUMN($N$3:$DU$3)-COLUMN($N$3))>='KALENDER MINGGU'!$B$11)*(($I5+COLUMN($N$3:$DU$3)-COLUMN($N$3))<='KALENDER MINGGU'!$C$11)*(N5:DU5))/F5*H5 -> 0 | EB5: =SUMPRODUCT((($I5+COLUMN($N$3:$DU$3)-COLUMN($N$3))>='KALENDER MINGGU'!$B$12)*(($I5+COLUMN($N$3:$DU$3)-COLUMN($N$3))<='KALENDER MINGGU'!$C$12)*(N5:DU5))/F5*H5 -> 0 | EC5: =SUMPRODUCT((($I5+COLUMN($N$3:$DU$3)-COLUMN($N$3))>='KALENDER MINGGU'!$B$13)*(($I5+COLUMN($N$3:$DU$3)-COLUMN($N$3))<='KALENDER MINGGU'!$C$13)*(N5:DU5))/F5*H5 -> 0 | ED5: =SUMPRODUCT((($I5+COLUMN($N$3:$DU$3)-COLUMN($N$3))>='KALENDER MINGGU'!$B$14)*(($I5+COLUMN($N$3:$DU$3)-COLUMN($N$3))<='KALENDER MINGGU'!$C$14)*(N5:DU5))/F5*H5 -> 0 | EE5: =SUMPRODUCT((($I5+COLUMN($N$3:$DU$3)-COLUMN($N$3))>='KALENDER MINGGU'!$B$15)*(($I5+COLUMN($N$3:$DU$3)-COLUMN($N$3))<='KALENDER MINGGU'!$C$15)*(N5:DU5))/F5*H5 -> 0 | EF5: =SUMPRODUCT((($I5+COLUMN($N$3:$DU$3)-COLUMN($N$3))>='KALENDER MINGGU'!$B$16)*(($I5+COLUMN($N$3:$DU$3)-COLUMN($N$3))<='KALENDER MINGGU'!$C$16)*(N5:DU5))/F5*H5 -> 0 | EG5: =SUMPRODUCT((($I5+COLUMN($N$3:$DU$3)-COLUMN($N$3))>='KALENDER MINGGU'!$B$17)*(($I5+COLUMN($N$3:$DU$3)-COLUMN($N$3))<='KALENDER MINGGU'!$C$17)*(N5:DU5))/F5*H5 -> 0 | EH5: =SUMPRODUCT((($I5+COLUMN($N$3:$DU$3)-COLUMN($N$3))>='KALENDER MINGGU'!$B$18)*(($I5+COLUMN($N$3:$DU$3)-COLUMN($N$3))<='KALENDER MINGGU'!$C$18)*(N5:DU5))/F5*H5 -> 0 | EI5: =SUMPRODUCT((($I5+COLUMN($N$3:$DU$3)-COLUMN($N$3))>='KALENDER MINGGU'!$B$19)*(($I5+COLUMN($N$3:$DU$3)-COLUMN($N$3))<='KALENDER MINGGU'!$C$19)*(N5:DU5))/F5*H5 -> 0 | EJ5: =SUMPRODUCT((($I5+COLUMN($N$3:$DU$3)-COLUMN($N$3))>='KALENDER MINGGU'!$B$20)*(($I5+COLUMN($N$3:$DU$3)-COLUMN($N$3))<='KALENDER MINGGU'!$C$20)*(N5:DU5))/F5*H5 -> 0 | EK5: =SUMPRODUCT((($I5+COLUMN($N$3:$DU$3)-COLUMN($N$3))>='KALENDER MINGGU'!$B$21)*(($I5+COLUMN($N$3:$DU$3)-COLUMN($N$3))<='KALENDER MINGGU'!$C$21)*(N5:DU5))/F5*H5 -> 0
A6: 3 | B6: 10 | C6: =IF(B6<160,'BOBOT PEK'!$B$4,IF(B6<207,'BOBOT PEK'!$B$160,'BOBOT PEK'!$B$207)) -> Pekerjaan Gudang Umum | D6: A | E6: ='BOBOT PEK'!C10 -> Pembersihan Lahan | F6: =IF(OR('BOBOT PEK'!E10="",'BOBOT PEK'!E10=0),1,'BOBOT PEK'!E10) -> 1 | G6: =IF('BOBOT PEK'!F10="","ls",'BOBOT PEK'!F10) -> Is | H6: ='BOBOT PEK'!J10 -> 0.25583746 | I6: ='KALENDER MINGGU'!$B$3 -> 46226 | J6: =SUM(N6:DU6) -> 1 | K6: =MAX(F6-J6,0) -> 0 | L6: =MIN(J6/F6,1) -> 1 | M6: =IF(J6>F6,"MELEBIHI VOLUME!","OK") -> OK | N6: 1 | DV6: =SUMPRODUCT((($I6+COLUMN($N$3:$DU$3)-COLUMN($N$3))>='KALENDER MINGGU'!$B$6)*(($I6+COLUMN($N$3:$DU$3)-COLUMN($N$3))<='KALENDER MINGGU'!$C$6)*(N6:DU6))/F6*H6 -> 0.25583746 | DW6: =SUMPRODUCT((($I6+COLUMN($N$3:$DU$3)-COLUMN($N$3))>='KALENDER MINGGU'!$B$7)*(($I6+COLUMN($N$3:$DU$3)-COLUMN($N$3))<='KALENDER MINGGU'!$C$7)*(N6:DU6))/F6*H6 -> 0 | DX6: =SUMPRODUCT((($I6+COLUMN($N$3:$DU$3)-COLUMN($N$3))>='KALENDER MINGGU'!$B$8)*(($I6+COLUMN($N$3:$DU$3)-COLUMN($N$3))<='KALENDER MINGGU'!$C$8)*(N6:DU6))/F6*H6 -> 0 | DY6: =SUMPRODUCT((($I6+COLUMN($N$3:$DU$3)-COLUMN($N$3))>='KALENDER MINGGU'!$B$9)*(($I6+COLUMN($N$3:$DU$3)-COLUMN($N$3))<='KALENDER MINGGU'!$C$9)*(N6:DU6))/F6*H6 -> 0 | DZ6: =SUMPRODUCT((($I6+COLUMN($N$3:$DU$3)-COLUMN($N$3))>='KALENDER MINGGU'!$B$10)*(($I6+COLUMN($N$3:$DU$3)-COLUMN($N$3))<='KALENDER MINGGU'!$C$10)*(N6:DU6))/F6*H6 -> 0 | EA6: =SUMPRODUCT((($I6+COLUMN($N$3:$DU$3)-COLUMN($N$3))>='KALENDER MINGGU'!$B$11)*(($I6+COLUMN($N$3:$DU$3)-COLUMN($N$3))<='KALENDER MINGGU'!$C$11)*(N6:DU6))/F6*H6 -> 0 | EB6: =SUMPRODUCT((($I6+COLUMN($N$3:$DU$3)-COLUMN($N$3))>='KALENDER MINGGU'!$B$12)*(($I6+COLUMN($N$3:$DU$3)-COLUMN($N$3))<='KALENDER MINGGU'!$C$12)*(N6:DU6))/F6*H6 -> 0 | EC6: =SUMPRODUCT((($I6+COLUMN($N$3:$DU$3)-COLUMN($N$3))>='KALENDER MINGGU'!$B$13)*(($I6+COLUMN($N$3:$DU$3)-COLUMN($N$3))<='KALENDER MINGGU'!$C$13)*(N6:DU6))/F6*H6 -> 0 | ED6: =SUMPRODUCT((($I6+COLUMN($N$3:$DU$3)-COLUMN($N$3))>='KALENDER MINGGU'!$B$14)*(($I6+COLUMN($N$3:$DU$3)-COLUMN($N$3))<='KALENDER MINGGU'!$C$14)*(N6:DU6))/F6*H6 -> 0 | EE6: =SUMPRODUCT((($I6+COLUMN($N$3:$DU$3)-COLUMN($N$3))>='KALENDER MINGGU'!$B$15)*(($I6+COLUMN($N$3:$DU$3)-COLUMN($N$3))<='KALENDER MINGGU'!$C$15)*(N6:DU6))/F6*H6 -> 0 | EF6: =SUMPRODUCT((($I6+COLUMN($N$3:$DU$3)-COLUMN($N$3))>='KALENDER MINGGU'!$B$16)*(($I6+COLUMN($N$3:$DU$3)-COLUMN($N$3))<='KALENDER MINGGU'!$C$16)*(N6:DU6))/F6*H6 -> 0 | EG6: =SUMPRODUCT((($I6+COLUMN($N$3:$DU$3)-COLUMN($N$3))>='KALENDER MINGGU'!$B$17)*(($I6+COLUMN($N$3:$DU$3)-COLUMN($N$3))<='KALENDER MINGGU'!$C$17)*(N6:DU6))/F6*H6 -> 0 | EH6: =SUMPRODUCT((($I6+COLUMN($N$3:$DU$3)-COLUMN($N$3))>='KALENDER MINGGU'!$B$18)*(($I6+COLUMN($N$3:$DU$3)-COLUMN($N$3))<='KALENDER MINGGU'!$C$18)*(N6:DU6))/F6*H6 -> 0 | EI6: =SUMPRODUCT((($I6+COLUMN($N$3:$DU$3)-COLUMN($N$3))>='KALENDER MINGGU'!$B$19)*(($I6+COLUMN($N$3:$DU$3)-COLUMN($N$3))<='KALENDER MINGGU'!$C$19)*(N6:DU6))/F6*H6 -> 0 | EJ6: =SUMPRODUCT((($I6+COLUMN($N$3:$DU$3)-COLUMN($N$3))>='KALENDER MINGGU'!$B$20)*(($I6+COLUMN($N$3:$DU$3)-COLUMN($N$3))<='KALENDER MINGGU'!$C$20)*(N6:DU6))/F6*H6 -> 0 | EK6: =SUMPRODUCT((($I6+COLUMN($N$3:$DU$3)-COLUMN($N$3))>='KALENDER MINGGU'!$B$21)*(($I6+COLUMN($N$3:$DU$3)-COLUMN($N$3))<='KALENDER MINGGU'!$C$21)*(N6:DU6))/F6*H6 -> 0
A7: 4 | B7: 11 | C7: =IF(B7<160,'BOBOT PEK'!$B$4,IF(B7<207,'BOBOT PEK'!$B$160,'BOBOT PEK'!$B$207)) -> Pekerjaan Gudang Umum | D7: A | E7: ='BOBOT PEK'!C11 -> Direksi Kit+Gudang Sementara | F7: =IF(OR('BOBOT PEK'!E11="",'BOBOT PEK'!E11=0),1,'BOBOT PEK'!E11) -> 1 | G7: =IF('BOBOT PEK'!F11="","ls",'BOBOT PEK'!F11) -> ls | H7: ='BOBOT PEK'!J11 -> 0 | I7: ='KALENDER MINGGU'!$B$3 -> 46226 | J7: =SUM(N7:DU7) -> 1 | K7: =MAX(F7-J7,0) -> 0 | L7: =MIN(J7/F7,1) -> 1 | M7: =IF(J7>F7,"MELEBIHI VOLUME!","OK") -> OK | N7: 1 | DV7: =SUMPRODUCT((($I7+COLUMN($N$3:$DU$3)-COLUMN($N$3))>='KALENDER MINGGU'!$B$6)*(($I7+COLUMN($N$3:$DU$3)-COLUMN($N$3))<='KALENDER MINGGU'!$C$6)*(N7:DU7))/F7*H7 -> 0 | DW7: =SUMPRODUCT((($I7+COLUMN($N$3:$DU$3)-COLUMN($N$3))>='KALENDER MINGGU'!$B$7)*(($I7+COLUMN($N$3:$DU$3)-COLUMN($N$3))<='KALENDER MINGGU'!$C$7)*(N7:DU7))/F7*H7 -> 0 | DX7: =SUMPRODUCT((($I7+COLUMN($N$3:$DU$3)-COLUMN($N$3))>='KALENDER MINGGU'!$B$8)*(($I7+COLUMN($N$3:$DU$3)-COLUMN($N$3))<='KALENDER MINGGU'!$C$8)*(N7:DU7))/F7*H7 -> 0 | DY7: =SUMPRODUCT((($I7+COLUMN($N$3:$DU$3)-COLUMN($N$3))>='KALENDER MINGGU'!$B$9)*(($I7+COLUMN($N$3:$DU$3)-COLUMN($N$3))<='KALENDER MINGGU'!$C$9)*(N7:DU7))/F7*H7 -> 0 | DZ7: =SUMPRODUCT((($I7+COLUMN($N$3:$DU$3)-COLUMN($N$3))>='KALENDER MINGGU'!$B$10)*(($I7+COLUMN($N$3:$DU$3)-COLUMN($N$3))<='KALENDER MINGGU'!$C$10)*(N7:DU7))/F7*H7 -> 0 | EA7: =SUMPRODUCT((($I7+COLUMN($N$3:$DU$3)-COLUMN($N$3))>='KALENDER MINGGU'!$B$11)*(($I7+COLUMN($N$3:$DU$3)-COLUMN($N$3))<='KALENDER MINGGU'!$C$11)*(N7:DU7))/F7*H7 -> 0 | EB7: =SUMPRODUCT((($I7+COLUMN($N$3:$DU$3)-COLUMN($N$3))>='KALENDER MINGGU'!$B$12)*(($I7+COLUMN($N$3:$DU$3)-COLUMN($N$3))<='KALENDER MINGGU'!$C$12)*(N7:DU7))/F7*H7 -> 0 | EC7: =SUMPRODUCT((($I7+COLUMN($N$3:$DU$3)-COLUMN($N$3))>='KALENDER MINGGU'!$B$13)*(($I7+COLUMN($N$3:$DU$3)-COLUMN($N$3))<='KALENDER MINGGU'!$C$13)*(N7:DU7))/F7*H7 -> 0 | ED7: =SUMPRODUCT((($I7+COLUMN($N$3:$DU$3)-COLUMN($N$3))>='KALENDER MINGGU'!$B$14)*(($I7+COLUMN($N$3:$DU$3)-COLUMN($N$3))<='KALENDER MINGGU'!$C$14)*(N7:DU7))/F7*H7 -> 0 | EE7: =SUMPRODUCT((($I7+COLUMN($N$3:$DU$3)-COLUMN($N$3))>='KALENDER MINGGU'!$B$15)*(($I7+COLUMN($N$3:$DU$3)-COLUMN($N$3))<='KALENDER MINGGU'!$C$15)*(N7:DU7))/F7*H7 -> 0 | EF7: =SUMPRODUCT((($I7+COLUMN($N$3:$DU$3)-COLUMN($N$3))>='KALENDER MINGGU'!$B$16)*(($I7+COLUMN($N$3:$DU$3)-COLUMN($N$3))<='KALENDER MINGGU'!$C$16)*(N7:DU7))/F7*H7 -> 0 | EG7: =SUMPRODUCT((($I7+COLUMN($N$3:$DU$3)-COLUMN($N$3))>='KALENDER MINGGU'!$B$17)*(($I7+COLUMN($N$3:$DU$3)-COLUMN($N$3))<='KALENDER MINGGU'!$C$17)*(N7:DU7))/F7*H7 -> 0 | EH7: =SUMPRODUCT((($I7+COLUMN($N$3:$DU$3)-COLUMN($N$3))>='KALENDER MINGGU'!$B$18)*(($I7+COLUMN($N$3:$DU$3)-COLUMN($N$3))<='KALENDER MINGGU'!$C$18)*(N7:DU7))/F7*H7 -> 0 | EI7: =SUMPRODUCT((($I7+COLUMN($N$3:$DU$3)-COLUMN($N$3))>='KALENDER MINGGU'!$B$19)*(($I7+COLUMN($N$3:$DU$3)-COLUMN($N$3))<='KALENDER MINGGU'!$C$19)*(N7:DU7))/F7*H7 -> 0 | EJ7: =SUMPRODUCT((($I7+COLUMN($N$3:$DU$3)-COLUMN($N$3))>='KALENDER MINGGU'!$B$20)*(($I7+COLUMN($N$3:$DU$3)-COLUMN($N$3))<='KALENDER MINGGU'!$C$20)*(N7:DU7))/F7*H7 -> 0 | EK7: =SUMPRODUCT((($I7+COLUMN($N$3:$DU$3)-COLUMN($N$3))>='KALENDER MINGGU'!$B$21)*(($I7+COLUMN($N$3:$DU$3)-COLUMN($N$3))<='KALENDER MINGGU'!$C$21)*(N7:DU7))/F7*H7 -> 0
A8: 5 | B8: 12 | C8: =IF(B8<160,'BOBOT PEK'!$B$4,IF(B8<207,'BOBOT PEK'!$B$160,'BOBOT PEK'!$B$207)) -> Pekerjaan Gudang Umum | D8: A | E8: ='BOBOT PEK'!C12 -> Administrasi Lapangan | F8: =IF(OR('BOBOT PEK'!E12="",'BOBOT PEK'!E12=0),1,'BOBOT PEK'!E12) -> 1 | G8: =IF('BOBOT PEK'!F12="","ls",'BOBOT PEK'!F12) -> Is | H8: ='BOBOT PEK'!J12 -> 0.12791873 | I8: ='KALENDER MINGGU'!$B$3 -> 46226 | J8: =SUM(N8:DU8) -> 1 | K8: =MAX(F8-J8,0) -> 0 | L8: =MIN(J8/F8,1) -> 1 | M8: =IF(J8>F8,"MELEBIHI VOLUME!","OK") -> OK | N8: 1 | DV8: =SUMPRODUCT((($I8+COLUMN($N$3:$DU$3)-COLUMN($N$3))>='KALENDER MINGGU'!$B$6)*(($I8+COLUMN($N$3:$DU$3)-COLUMN($N$3))<='KALENDER MINGGU'!$C$6)*(N8:DU8))/F8*H8 -> 0.12791873 | DW8: =SUMPRODUCT((($I8+COLUMN($N$3:$DU$3)-COLUMN($N$3))>='KALENDER MINGGU'!$B$7)*(($I8+COLUMN($N$3:$DU$3)-COLUMN($N$3))<='KALENDER MINGGU'!$C$7)*(N8:DU8))/F8*H8 -> 0 | DX8: =SUMPRODUCT((($I8+COLUMN($N$3:$DU$3)-COLUMN($N$3))>='KALENDER MINGGU'!$B$8)*(($I8+COLUMN($N$3:$DU$3)-COLUMN($N$3))<='KALENDER MINGGU'!$C$8)*(N8:DU8))/F8*H8 -> 0 | DY8: =SUMPRODUCT((($I8+COLUMN($N$3:$DU$3)-COLUMN($N$3))>='KALENDER MINGGU'!$B$9)*(($I8+COLUMN($N$3:$DU$3)-COLUMN($N$3))<='KALENDER MINGGU'!$C$9)*(N8:DU8))/F8*H8 -> 0 | DZ8: =SUMPRODUCT((($I8+COLUMN($N$3:$DU$3)-COLUMN($N$3))>='KALENDER MINGGU'!$B$10)*(($I8+COLUMN($N$3:$DU$3)-COLUMN($N$3))<='KALENDER MINGGU'!$C$10)*(N8:DU8))/F8*H8 -> 0 | EA8: =SUMPRODUCT((($I8+COLUMN($N$3:$DU$3)-COLUMN($N$3))>='KALENDER MINGGU'!$B$11)*(($I8+COLUMN($N$3:$DU$3)-COLUMN($N$3))<='KALENDER MINGGU'!$C$11)*(N8:DU8))/F8*H8 -> 0 | EB8: =SUMPRODUCT((($I8+COLUMN($N$3:$DU$3)-COLUMN($N$3))>='KALENDER MINGGU'!$B$12)*(($I8+COLUMN($N$3:$DU$3)-COLUMN($N$3))<='KALENDER MINGGU'!$C$12)*(N8:DU8))/F8*H8 -> 0 | EC8: =SUMPRODUCT((($I8+COLUMN($N$3:$DU$3)-COLUMN($N$3))>='KALENDER MINGGU'!$B$13)*(($I8+COLUMN($N$3:$DU$3)-COLUMN($N$3))<='KALENDER MINGGU'!$C$13)*(N8:DU8))/F8*H8 -> 0 | ED8: =SUMPRODUCT((($I8+COLUMN($N$3:$DU$3)-COLUMN($N$3))>='KALENDER MINGGU'!$B$14)*(($I8+COLUMN($N$3:$DU$3)-COLUMN($N$3))<='KALENDER MINGGU'!$C$14)*(N8:DU8))/F8*H8 -> 0 | EE8: =SUMPRODUCT((($I8+COLUMN($N$3:$DU$3)-COLUMN($N$3))>='KALENDER MINGGU'!$B$15)*(($I8+COLUMN($N$3:$DU$3)-COLUMN($N$3))<='KALENDER MINGGU'!$C$15)*(N8:DU8))/F8*H8 -> 0 | EF8: =SUMPRODUCT((($I8+COLUMN($N$3:$DU$3)-COLUMN($N$3))>='KALENDER MINGGU'!$B$16)*(($I8+COLUMN($N$3:$DU$3)-COLUMN($N$3))<='KALENDER MINGGU'!$C$16)*(N8:DU8))/F8*H8 -> 0 | EG8: =SUMPRODUCT((($I8+COLUMN($N$3:$DU$3)-COLUMN($N$3))>='KALENDER MINGGU'!$B$17)*(($I8+COLUMN($N$3:$DU$3)-COLUMN($N$3))<='KALENDER MINGGU'!$C$17)*(N8:DU8))/F8*H8 -> 0 | EH8: =SUMPRODUCT((($I8+COLUMN($N$3:$DU$3)-COLUMN($N$3))>='KALENDER MINGGU'!$B$18)*(($I8+COLUMN($N$3:$DU$3)-COLUMN($N$3))<='KALENDER MINGGU'!$C$18)*(N8:DU8))/F8*H8 -> 0 | EI8: =SUMPRODUCT((($I8+COLUMN($N$3:$DU$3)-COLUMN($N$3))>='KALENDER MINGGU'!$B$19)*(($I8+COLUMN($N$3:$DU$3)-COLUMN($N$3))<='KALENDER MINGGU'!$C$19)*(N8:DU8))/F8*H8 -> 0 | EJ8: =SUMPRODUCT((($I8+COLUMN($N$3:$DU$3)-COLUMN($N$3))>='KALENDER MINGGU'!$B$20)*(($I8+COLUMN($N$3:$DU$3)-COLUMN($N$3))<='KALENDER MINGGU'!$C$20)*(N8:DU8))/F8*H8 -> 0 | EK8: =SUMPRODUCT((($I8+COLUMN($N$3:$DU$3)-COLUMN($N$3))>='KALENDER MINGGU'!$B$21)*(($I8+COLUMN($N$3:$DU$3)-COLUMN($N$3))<='KALENDER MINGGU'!$C$21)*(N8:DU8))/F8*H8 -> 0
A9: 6 | B9: 13 | C9: =IF(B9<160,'BOBOT PEK'!$B$4,IF(B9<207,'BOBOT PEK'!$B$160,'BOBOT PEK'!$B$207)) -> Pekerjaan Gudang Umum | D9: A | E9: ='BOBOT PEK'!C13 -> Skafolding dan Alat Bantu Pekerjaan | F9: =IF(OR('BOBOT PEK'!E13="",'BOBOT PEK'!E13=0),1,'BOBOT PEK'!E13) -> 1 | G9: =IF('BOBOT PEK'!F13="","ls",'BOBOT PEK'!F13) -> Is | H9: ='BOBOT PEK'!J13 -> 0.38375619 | I9: ='KALENDER MINGGU'!$B$3 -> 46226 | J9: =SUM(N9:DU9) -> 1 | K9: =MAX(F9-J9,0) -> 0 | L9: =MIN(J9/F9,1) -> 1 | M9: =IF(J9>F9,"MELEBIHI VOLUME!","OK") -> OK | N9: 0.3 | AO9: 0.2 | AV9: 0.1 | AW9: 0.1 | BA9: 0.3 | DV9: =SUMPRODUCT((($I9+COLUMN($N$3:$DU$3)-COLUMN($N$3))>='KALENDER MINGGU'!$B$6)*(($I9+COLUMN($N$3:$DU$3)-COLUMN($N$3))<='KALENDER MINGGU'!$C$6)*(N9:DU9))/F9*H9 -> 0.11512686 | DW9: =SUMPRODUCT((($I9+COLUMN($N$3:$DU$3)-COLUMN($N$3))>='KALENDER MINGGU'!$B$7)*(($I9+COLUMN($N$3:$DU$3)-COLUMN($N$3))<='KALENDER MINGGU'!$C$7)*(N9:DU9))/F9*H9 -> 0 | DX9: =SUMPRODUCT((($I9+COLUMN($N$3:$DU$3)-COLUMN($N$3))>='KALENDER MINGGU'!$B$8)*(($I9+COLUMN($N$3:$DU$3)-COLUMN($N$3))<='KALENDER MINGGU'!$C$8)*(N9:DU9))/F9*H9 -> 0 | DY9: =SUMPRODUCT((($I9+COLUMN($N$3:$DU$3)-COLUMN($N$3))>='KALENDER MINGGU'!$B$9)*(($I9+COLUMN($N$3:$DU$3)-COLUMN($N$3))<='KALENDER MINGGU'!$C$9)*(N9:DU9))/F9*H9 -> 0.076751239 | DZ9: =SUMPRODUCT((($I9+COLUMN($N$3:$DU$3)-COLUMN($N$3))>='KALENDER MINGGU'!$B$10)*(($I9+COLUMN($N$3:$DU$3)-COLUMN($N$3))<='KALENDER MINGGU'!$C$10)*(N9:DU9))/F9*H9 -> 0.038375619 | EA9: =SUMPRODUCT((($I9+COLUMN($N$3:$DU$3)-COLUMN($N$3))>='KALENDER MINGGU'!$B$11)*(($I9+COLUMN($N$3:$DU$3)-COLUMN($N$3))<='KALENDER MINGGU'!$C$11)*(N9:DU9))/F9*H9 -> 0.15350248 | EB9: =SUMPRODUCT((($I9+COLUMN($N$3:$DU$3)-COLUMN($N$3))>='KALENDER MINGGU'!$B$12)*(($I9+COLUMN($N$3:$DU$3)-COLUMN($N$3))<='KALENDER MINGGU'!$C$12)*(N9:DU9))/F9*H9 -> 0 | EC9: =SUMPRODUCT((($I9+COLUMN($N$3:$DU$3)-COLUMN($N$3))>='KALENDER MINGGU'!$B$13)*(($I9+COLUMN($N$3:$DU$3)-COLUMN($N$3))<='KALENDER MINGGU'!$C$13)*(N9:DU9))/F9*H9 -> 0 | ED9: =SUMPRODUCT((($I9+COLUMN($N$3:$DU$3)-COLUMN($N$3))>='KALENDER MINGGU'!$B$14)*(($I9+COLUMN($N$3:$DU$3)-COLUMN($N$3))<='KALENDER MINGGU'!$C$14)*(N9:DU9))/F9*H9 -> 0 | EE9: =SUMPRODUCT((($I9+COLUMN($N$3:$DU$3)-COLUMN($N$3))>='KALENDER MINGGU'!$B$15)*(($I9+COLUMN($N$3:$DU$3)-COLUMN($N$3))<='KALENDER MINGGU'!$C$15)*(N9:DU9))/F9*H9 -> 0 | EF9: =SUMPRODUCT((($I9+COLUMN($N$3:$DU$3)-COLUMN($N$3))>='KALENDER MINGGU'!$B$16)*(($I9+COLUMN($N$3:$DU$3)-COLUMN($N$3))<='KALENDER MINGGU'!$C$16)*(N9:DU9))/F9*H9 -> 0 | EG9: =SUMPRODUCT((($I9+COLUMN($N$3:$DU$3)-COLUMN($N$3))>='KALENDER MINGGU'!$B$17)*(($I9+COLUMN($N$3:$DU$3)-COLUMN($N$3))<='KALENDER MINGGU'!$C$17)*(N9:DU9))/F9*H9 -> 0 | EH9: =SUMPRODUCT((($I9+COLUMN($N$3:$DU$3)-COLUMN($N$3))>='KALENDER MINGGU'!$B$18)*(($I9+COLUMN($N$3:$DU$3)-COLUMN($N$3))<='KALENDER MINGGU'!$C$18)*(N9:DU9))/F9*H9 -> 0 | EI9: =SUMPRODUCT((($I9+COLUMN($N$3:$DU$3)-COLUMN($N$3))>='KALENDER MINGGU'!$B$19)*(($I9+COLUMN($N$3:$DU$3)-COLUMN($N$3))<='KALENDER MINGGU'!$C$19)*(N9:DU9))/F9*H9 -> 0 | EJ9: =SUMPRODUCT((($I9+COLUMN($N$3:$DU$3)-COLUMN($N$3))>='KALENDER MINGGU'!$B$20)*(($I9+COLUMN($N$3:$DU$3)-COLUMN($N$3))<='KALENDER MINGGU'!$C$20)*(N9:DU9))/F9*H9 -> 0 | EK9: =SUMPRODUCT((($I9+COLUMN($N$3:$DU$3)-COLUMN($N$3))>='KALENDER MINGGU'!$B$21)*(($I9+COLUMN($N$3:$DU$3)-COLUMN($N$3))<='KALENDER MINGGU'!$C$21)*(N9:DU9))/F9*H9 -> 0
A10: 7 | B10: 16 | C10: =IF(B10<160,'BOBOT PEK'!$B$4,IF(B10<207,'BOBOT PEK'!$B$160,'BOBOT PEK'!$B$207)) -> Pekerjaan Gudang Umum | D10: B | E10: ='BOBOT PEK'!C16 -> Pekerjaan Bak Kontrol | F10: =IF(OR('BOBOT PEK'!E16="",'BOBOT PEK'!E16=0),1,'BOBOT PEK'!E16) -> 4 | G10: =IF('BOBOT PEK'!F16="","ls",'BOBOT PEK'!F16) -> unit | H10: ='BOBOT PEK'!J16 -> 0.06651774 | I10: ='KALENDER MINGGU'!$B$3 -> 46226 | J10: =SUM(N10:DU10) -> 0 | K10: =MAX(F10-J10,0) -> 4 | L10: =MIN(J10/F10,1) -> 0 | M10: =IF(J10>F10,"MELEBIHI VOLUME!","OK") -> OK | DV10: =SUMPRODUCT((($I10+COLUMN($N$3:$DU$3)-COLUMN($N$3))>='KALENDER MINGGU'!$B$6)*(($I10+COLUMN($N$3:$DU$3)-COLUMN($N$3))<='KALENDER MINGGU'!$C$6)*(N10:DU10))/F10*H10 -> 0 | DW10: =SUMPRODUCT((($I10+COLUMN($N$3:$DU$3)-COLUMN($N$3))>='KALENDER MINGGU'!$B$7)*(($I10+COLUMN($N$3:$DU$3)-COLUMN($N$3))<='KALENDER MINGGU'!$C$7)*(N10:DU10))/F10*H10 -> 0 | DX10: =SUMPRODUCT((($I10+COLUMN($N$3:$DU$3)-COLUMN($N$3))>='KALENDER MINGGU'!$B$8)*(($I10+COLUMN($N$3:$DU$3)-COLUMN($N$3))<='KALENDER MINGGU'!$C$8)*(N10:DU10))/F10*H10 -> 0 | DY10: =SUMPRODUCT((($I10+COLUMN($N$3:$DU$3)-COLUMN($N$3))>='KALENDER MINGGU'!$B$9)*(($I10+COLUMN($N$3:$DU$3)-COLUMN($N$3))<='KALENDER MINGGU'!$C$9)*(N10:DU10))/F10*H10 -> 0 | DZ10: =SUMPRODUCT((($I10+COLUMN($N$3:$DU$3)-COLUMN($N$3))>='KALENDER MINGGU'!$B$10)*(($I10+COLUMN($N$3:$DU$3)-COLUMN($N$3))<='KALENDER MINGGU'!$C$10)*(N10:DU10))/F10*H10 -> 0 | EA10: =SUMPRODUCT((($I10+COLUMN($N$3:$DU$3)-COLUMN($N$3))>='KALENDER MINGGU'!$B$11)*(($I10+COLUMN($N$3:$DU$3)-COLUMN($N$3))<='KALENDER MINGGU'!$C$11)*(N10:DU10))/F10*H10 -> 0 | EB10: =SUMPRODUCT((($I10+COLUMN($N$3:$DU$3)-COLUMN($N$3))>='KALENDER MINGGU'!$B$12)*(($I10+COLUMN($N$3:$DU$3)-COLUMN($N$3))<='KALENDER MINGGU'!$C$12)*(N10:DU10))/F10*H10 -> 0 | EC10: =SUMPRODUCT((($I10+COLUMN($N$3:$DU$3)-COLUMN($N$3))>='KALENDER MINGGU'!$B$13)*(($I10+COLUMN($N$3:$DU$3)-COLUMN($N$3))<='KALENDER MINGGU'!$C$13)*(N10:DU10))/F10*H10 -> 0 | ED10: =SUMPRODUCT((($I10+COLUMN($N$3:$DU$3)-COLUMN($N$3))>='KALENDER MINGGU'!$B$14)*(($I10+COLUMN($N$3:$DU$3)-COLUMN($N$3))<='KALENDER MINGGU'!$C$14)*(N10:DU10))/F10*H10 -> 0 | EE10: =SUMPRODUCT((($I10+COLUMN($N$3:$DU$3)-COLUMN($N$3))>='KALENDER MINGGU'!$B$15)*(($I10+COLUMN($N$3:$DU$3)-COLUMN($N$3))<='KALENDER MINGGU'!$C$15)*(N10:DU10))/F10*H10 -> 0 | EF10: =SUMPRODUCT((($I10+COLUMN($N$3:$DU$3)-COLUMN($N$3))>='KALENDER MINGGU'!$B$16)*(($I10+COLUMN($N$3:$DU$3)-COLUMN($N$3))<='KALENDER MINGGU'!$C$16)*(N10:DU10))/F10*H10 -> 0 | EG10: =SUMPRODUCT((($I10+COLUMN($N$3:$DU$3)-COLUMN($N$3))>='KALENDER MINGGU'!$B$17)*(($I10+COLUMN($N$3:$DU$3)-COLUMN($N$3))<='KALENDER MINGGU'!$C$17)*(N10:DU10))/F10*H10 -> 0 | EH10: =SUMPRODUCT((($I10+COLUMN($N$3:$DU$3)-COLUMN($N$3))>='KALENDER MINGGU'!$B$18)*(($I10+COLUMN($N$3:$DU$3)-COLUMN($N$3))<='KALENDER MINGGU'!$C$18)*(N10:DU10))/F10*H10 -> 0 | EI10: =SUMPRODUCT((($I10+COLUMN($N$3:$DU$3)-COLUMN($N$3))>='KALENDER MINGGU'!$B$19)*(($I10+COLUMN($N$3:$DU$3)-COLUMN($N$3))<='KALENDER MINGGU'!$C$19)*(N10:DU10))/F10*H10 -> 0 | EJ10: =SUMPRODUCT((($I10+COLUMN($N$3:$DU$3)-COLUMN($N$3))>='KALENDER MINGGU'!$B$20)*(($I10+COLUMN($N$3:$DU$3)-COLUMN($N$3))<='KALENDER MINGGU'!$C$20)*(N10:DU10))/F10*H10 -> 0 | EK10: =SUMPRODUCT((($I10+COLUMN($N$3:$DU$3)-COLUMN($N$3))>='KALENDER MINGGU'!$B$21)*(($I10+COLUMN($N$3:$DU$3)-COLUMN($N$3))<='KALENDER MINGGU'!$C$21)*(N10:DU10))/F10*H10 -> 0
A11: 8 | B11: 17 | C11: =IF(B11<160,'BOBOT PEK'!$B$4,IF(B11<207,'BOBOT PEK'!$B$160,'BOBOT PEK'!$B$207)) -> Pekerjaan Gudang Umum | D11: B | E11: ='BOBOT PEK'!C17 -> Pasang aluminium bubble dibawah atap+plat strip | F11: =IF(OR('BOBOT PEK'!E17="",'BOBOT PEK'!E17=0),1,'BOBOT PEK'!E17) -> 2875 | G11: =IF('BOBOT PEK'!F17="","ls",'BOBOT PEK'!F17) -> m² | H11: ='BOBOT PEK'!J17 -> 8.8263925 | I11: ='KALENDER MINGGU'!$B$3 -> 46226 | J11: =SUM(N11:DU11) -> 1542.05 | K11: =MAX(F11-J11,0) -> 1332.95 | L11: =MIN(J11/F11,1) -> 0.53636522 | M11: =IF(J11>F11,"MELEBIHI VOLUME!","OK") -> OK | AO11: 0.05 | AV11: =20%*F11 -> 575 | BB11: 250 | BC11: 35 | BF11: 36 | BG11: 36 | BH11: 40 | BI11: 40 | BJ11: 40 | BK11: 40 | CC11: =50*18*0.5 -> 450 | DV11: =SUMPRODUCT((($I11+COLUMN($N$3:$DU$3)-COLUMN($N$3))>='KALENDER MINGGU'!$B$6)*(($I11+COLUMN($N$3:$DU$3)-COLUMN($N$3))<='KALENDER MINGGU'!$C$6)*(N11:DU11))/F11*H11 -> 0 | DW11: =SUMPRODUCT((($I11+COLUMN($N$3:$DU$3)-COLUMN($N$3))>='KALENDER MINGGU'!$B$7)*(($I11+COLUMN($N$3:$DU$3)-COLUMN($N$3))<='KALENDER MINGGU'!$C$7)*(N11:DU11))/F11*H11 -> 0 | DX11: =SUMPRODUCT((($I11+COLUMN($N$3:$DU$3)-COLUMN($N$3))>='KALENDER MINGGU'!$B$8)*(($I11+COLUMN($N$3:$DU$3)-COLUMN($N$3))<='KALENDER MINGGU'!$C$8)*(N11:DU11))/F11*H11 -> 0 | DY11: =SUMPRODUCT((($I11+COLUMN($N$3:$DU$3)-COLUMN($N$3))>='KALENDER MINGGU'!$B$9)*(($I11+COLUMN($N$3:$DU$3)-COLUMN($N$3))<='KALENDER MINGGU'!$C$9)*(N11:DU11))/F11*H11 -> 0.00015350248 | DZ11: =SUMPRODUCT((($I11+COLUMN($N$3:$DU$3)-COLUMN($N$3))>='KALENDER MINGGU'!$B$10)*(($I11+COLUMN($N$3:$DU$3)-COLUMN($N$3))<='KALENDER MINGGU'!$C$10)*(N11:DU11))/F11*H11 -> 1.7652785 | EA11: =SUMPRODUCT((($I11+COLUMN($N$3:$DU$3)-COLUMN($N$3))>='KALENDER MINGGU'!$B$11)*(($I11+COLUMN($N$3:$DU$3)-COLUMN($N$3))<='KALENDER MINGGU'!$C$11)*(N11:DU11))/F11*H11 -> 0.87496412 | EB11: =SUMPRODUCT((($I11+COLUMN($N$3:$DU$3)-COLUMN($N$3))>='KALENDER MINGGU'!$B$12)*(($I11+COLUMN($N$3:$DU$3)-COLUMN($N$3))<='KALENDER MINGGU'!$C$12)*(N11:DU11))/F11*H11 -> 0.58944951 | EC11: =SUMPRODUCT((($I11+COLUMN($N$3:$DU$3)-COLUMN($N$3))>='KALENDER MINGGU'!$B$13)*(($I11+COLUMN($N$3:$DU$3)-COLUMN($N$3))<='KALENDER MINGGU'!$C$13)*(N11:DU11))/F11*H11 -> 0.12280198 | ED11: =SUMPRODUCT((($I11+COLUMN($N$3:$DU$3)-COLUMN($N$3))>='KALENDER MINGGU'!$B$14)*(($I11+COLUMN($N$3:$DU$3)-COLUMN($N$3))<='KALENDER MINGGU'!$C$14)*(N11:DU11))/F11*H11 -> 0 | EE11: =SUMPRODUCT((($I11+COLUMN($N$3:$DU$3)-COLUMN($N$3))>='KALENDER MINGGU'!$B$15)*(($I11+COLUMN($N$3:$DU$3)-COLUMN($N$3))<='KALENDER MINGGU'!$C$15)*(N11:DU11))/F11*H11 -> 1.3815223 | EF11: =SUMPRODUCT((($I11+COLUMN($N$3:$DU$3)-COLUMN($N$3))>='KALENDER MINGGU'!$B$16)*(($I11+COLUMN($N$3:$DU$3)-COLUMN($N$3))<='KALENDER MINGGU'!$C$16)*(N11:DU11))/F11*H11 -> 0 | EG11: =SUMPRODUCT((($I11+COLUMN($N$3:$DU$3)-COLUMN($N$3))>='KALENDER MINGGU'!$B$17)*(($I11+COLUMN($N$3:$DU$3)-COLUMN($N$3))<='KALENDER MINGGU'!$C$17)*(N11:DU11))/F11*H11 -> 0 | EH11: =SUMPRODUCT((($I11+COLUMN($N$3:$DU$3)-COLUMN($N$3))>='KALENDER MINGGU'!$B$18)*(($I11+COLUMN($N$3:$DU$3)-COLUMN($N$3))<='KALENDER MINGGU'!$C$18)*(N11:DU11))/F11*H11 -> 0 | EI11: =SUMPRODUCT((($I11+COLUMN($N$3:$DU$3)-COLUMN($N$3))>='KALENDER MINGGU'!$B$19)*(($I11+COLUMN($N$3:$DU$3)-COLUMN($N$3))<='KALENDER MINGGU'!$C$19)*(N11:DU11))/F11*H11 -> 0 | EJ11: =SUMPRODUCT((($I11+COLUMN($N$3:$DU$3)-COLUMN($N$3))>='KALENDER MINGGU'!$B$20)*(($I11+COLUMN($N$3:$DU$3)-COLUMN($N$3))<='KALENDER MINGGU'!$C$20)*(N11:DU11))/F11*H11 -> 0 | EK11: =SUMPRODUCT((($I11+COLUMN($N$3:$DU$3)-COLUMN($N$3))>='KALENDER MINGGU'!$B$21)*(($I11+COLUMN($N$3:$DU$3)-COLUMN($N$3))<='KALENDER MINGGU'!$C$21)*(N11:DU11))/F11*H11 -> 0
A12: 9 | B12: 18 | C12: =IF(B12<160,'BOBOT PEK'!$B$4,IF(B12<207,'BOBOT PEK'!$B$160,'BOBOT PEK'!$B$207)) -> Pekerjaan Gudang Umum | D12: B | E12: ='BOBOT PEK'!C18 -> Pekerjaan finishing cat sisi luar samping dan belakang | F12: =IF(OR('BOBOT PEK'!E18="",'BOBOT PEK'!E18=0),1,'BOBOT PEK'!E18) -> 1230 | G12: =IF('BOBOT PEK'!F18="","ls",'BOBOT PEK'!F18) -> m² | H12: ='BOBOT PEK'!J18 -> 1.8094105 | I12: ='KALENDER MINGGU'!$B$3 -> 46226 | J12: =SUM(N12:DU12) -> 409 | K12: =MAX(F12-J12,0) -> 821 | L12: =MIN(J12/F12,1) -> 0.33252033 | M12: =IF(J12>F12,"MELEBIHI VOLUME!","OK") -> OK | BK12: =6*24 -> 144 | BL12: 50 | BM12: 50 | BS12: 20 | BT12: 20 | BU12: 20 | BW12: 15 | BX12: 15 | BY12: 15 | BZ12: 15 | CA12: 15 | CB12: 15 | CC12: 15 | DV12: =SUMPRODUCT((($I12+COLUMN($N$3:$DU$3)-COLUMN($N$3))>='KALENDER MINGGU'!$B$6)*(($I12+COLUMN($N$3:$DU$3)-COLUMN($N$3))<='KALENDER MINGGU'!$C$6)*(N12:DU12))/F12*H12 -> 0 | DW12: =SUMPRODUCT((($I12+COLUMN($N$3:$DU$3)-COLUMN($N$3))>='KALENDER MINGGU'!$B$7)*(($I12+COLUMN($N$3:$DU$3)-COLUMN($N$3))<='KALENDER MINGGU'!$C$7)*(N12:DU12))/F12*H12 -> 0 | DX12: =SUMPRODUCT((($I12+COLUMN($N$3:$DU$3)-COLUMN($N$3))>='KALENDER MINGGU'!$B$8)*(($I12+COLUMN($N$3:$DU$3)-COLUMN($N$3))<='KALENDER MINGGU'!$C$8)*(N12:DU12))/F12*H12 -> 0 | DY12: =SUMPRODUCT((($I12+COLUMN($N$3:$DU$3)-COLUMN($N$3))>='KALENDER MINGGU'!$B$9)*(($I12+COLUMN($N$3:$DU$3)-COLUMN($N$3))<='KALENDER MINGGU'!$C$9)*(N12:DU12))/F12*H12 -> 0 | DZ12: =SUMPRODUCT((($I12+COLUMN($N$3:$DU$3)-COLUMN($N$3))>='KALENDER MINGGU'!$B$10)*(($I12+COLUMN($N$3:$DU$3)-COLUMN($N$3))<='KALENDER MINGGU'!$C$10)*(N12:DU12))/F12*H12 -> 0 | EA12: =SUMPRODUCT((($I12+COLUMN($N$3:$DU$3)-COLUMN($N$3))>='KALENDER MINGGU'!$B$11)*(($I12+COLUMN($N$3:$DU$3)-COLUMN($N$3))<='KALENDER MINGGU'!$C$11)*(N12:DU12))/F12*H12 -> 0 | EB12: =SUMPRODUCT((($I12+COLUMN($N$3:$DU$3)-COLUMN($N$3))>='KALENDER MINGGU'!$B$12)*(($I12+COLUMN($N$3:$DU$3)-COLUMN($N$3))<='KALENDER MINGGU'!$C$12)*(N12:DU12))/F12*H12 -> 0 | EC12: =SUMPRODUCT((($I12+COLUMN($N$3:$DU$3)-COLUMN($N$3))>='KALENDER MINGGU'!$B$13)*(($I12+COLUMN($N$3:$DU$3)-COLUMN($N$3))<='KALENDER MINGGU'!$C$13)*(N12:DU12))/F12*H12 -> 0.35893996 | ED12: =SUMPRODUCT((($I12+COLUMN($N$3:$DU$3)-COLUMN($N$3))>='KALENDER MINGGU'!$B$14)*(($I12+COLUMN($N$3:$DU$3)-COLUMN($N$3))<='KALENDER MINGGU'!$C$14)*(N12:DU12))/F12*H12 -> 0.13239589 | EE12: =SUMPRODUCT((($I12+COLUMN($N$3:$DU$3)-COLUMN($N$3))>='KALENDER MINGGU'!$B$15)*(($I12+COLUMN($N$3:$DU$3)-COLUMN($N$3))<='KALENDER MINGGU'!$C$15)*(N12:DU12))/F12*H12 -> 0.11032991 | EF12: =SUMPRODUCT((($I12+COLUMN($N$3:$DU$3)-COLUMN($N$3))>='KALENDER MINGGU'!$B$16)*(($I12+COLUMN($N$3:$DU$3)-COLUMN($N$3))<='KALENDER MINGGU'!$C$16)*(N12:DU12))/F12*H12 -> 0 | EG12: =SUMPRODUCT((($I12+COLUMN($N$3:$DU$3)-COLUMN($N$3))>='KALENDER MINGGU'!$B$17)*(($I12+COLUMN($N$3:$DU$3)-COLUMN($N$3))<='KALENDER MINGGU'!$C$17)*(N12:DU12))/F12*H12 -> 0 | EH12: =SUMPRODUCT((($I12+COLUMN($N$3:$DU$3)-COLUMN($N$3))>='KALENDER MINGGU'!$B$18)*(($I12+COLUMN($N$3:$DU$3)-COLUMN($N$3))<='KALENDER MINGGU'!$C$18)*(N12:DU12))/F12*H12 -> 0 | EI12: =SUMPRODUCT((($I12+COLUMN($N$3:$DU$3)-COLUMN($N$3))>='KALENDER MINGGU'!$B$19)*(($I12+COLUMN($N$3:$DU$3)-COLUMN($N$3))<='KALENDER MINGGU'!$C$19)*(N12:DU12))/F12*H12 -> 0 | EJ12: =SUMPRODUCT((($I12+COLUMN($N$3:$DU$3)-COLUMN($N$3))>='KALENDER MINGGU'!$B$20)*(($I12+COLUMN($N$3:$DU$3)-COLUMN($N$3))<='KALENDER MINGGU'!$C$20)*(N12:DU12))/F12*H12 -> 0 | EK12: =SUMPRODUCT((($I12+COLUMN($N$3:$DU$3)-COLUMN($N$3))>='KALENDER MINGGU'!$B$21)*(($I12+COLUMN($N$3:$DU$3)-COLUMN($N$3))<='KALENDER MINGGU'!$C$21)*(N12:DU12))/F12*H12 -> 0
A13: 10 | B13: 19 | C13: =IF(B13<160,'BOBOT PEK'!$B$4,IF(B13<207,'BOBOT PEK'!$B$160,'BOBOT PEK'!$B$207)) -> Pekerjaan Gudang Umum | D13: B | E13: ='BOBOT PEK'!C19 -> Pasang turbin ventilator 32" | F13: =IF(OR('BOBOT PEK'!E19="",'BOBOT PEK'!E19=0),1,'BOBOT PEK'!E19) -> 18 | G13: =IF('BOBOT PEK'!F19="","ls",'BOBOT PEK'!F19) -> unit | H13: ='BOBOT PEK'!J19 -> 1.1512686 | I13: ='KALENDER MINGGU'!$B$3 -> 46226 | J13: =SUM(N13:DU13) -> 0 | K13: =MAX(F13-J13,0) -> 18 | L13: =MIN(J13/F13,1) -> 0 | M13: =IF(J13>F13,"MELEBIHI VOLUME!","OK") -> OK | DV13: =SUMPRODUCT((($I13+COLUMN($N$3:$DU$3)-COLUMN($N$3))>='KALENDER MINGGU'!$B$6)*(($I13+COLUMN($N$3:$DU$3)-COLUMN($N$3))<='KALENDER MINGGU'!$C$6)*(N13:DU13))/F13*H13 -> 0 | DW13: =SUMPRODUCT((($I13+COLUMN($N$3:$DU$3)-COLUMN($N$3))>='KALENDER MINGGU'!$B$7)*(($I13+COLUMN($N$3:$DU$3)-COLUMN($N$3))<='KALENDER MINGGU'!$C$7)*(N13:DU13))/F13*H13 -> 0 | DX13: =SUMPRODUCT((($I13+COLUMN($N$3:$DU$3)-COLUMN($N$3))>='KALENDER MINGGU'!$B$8)*(($I13+COLUMN($N$3:$DU$3)-COLUMN($N$3))<='KALENDER MINGGU'!$C$8)*(N13:DU13))/F13*H13 -> 0 | DY13: =SUMPRODUCT((($I13+COLUMN($N$3:$DU$3)-COLUMN($N$3))>='KALENDER MINGGU'!$B$9)*(($I13+COLUMN($N$3:$DU$3)-COLUMN($N$3))<='KALENDER MINGGU'!$C$9)*(N13:DU13))/F13*H13 -> 0 | DZ13: =SUMPRODUCT((($I13+COLUMN($N$3:$DU$3)-COLUMN($N$3))>='KALENDER MINGGU'!$B$10)*(($I13+COLUMN($N$3:$DU$3)-COLUMN($N$3))<='KALENDER MINGGU'!$C$10)*(N13:DU13))/F13*H13 -> 0 | EA13: =SUMPRODUCT((($I13+COLUMN($N$3:$DU$3)-COLUMN($N$3))>='KALENDER MINGGU'!$B$11)*(($I13+COLUMN($N$3:$DU$3)-COLUMN($N$3))<='KALENDER MINGGU'!$C$11)*(N13:DU13))/F13*H13 -> 0 | EB13: =SUMPRODUCT((($I13+COLUMN($N$3:$DU$3)-COLUMN($N$3))>='KALENDER MINGGU'!$B$12)*(($I13+COLUMN($N$3:$DU$3)-COLUMN($N$3))<='KALENDER MINGGU'!$C$12)*(N13:DU13))/F13*H13 -> 0 | EC13: =SUMPRODUCT((($I13+COLUMN($N$3:$DU$3)-COLUMN($N$3))>='KALENDER MINGGU'!$B$13)*(($I13+COLUMN($N$3:$DU$3)-COLUMN($N$3))<='KALENDER MINGGU'!$C$13)*(N13:DU13))/F13*H13 -> 0 | ED13: =SUMPRODUCT((($I13+COLUMN($N$3:$DU$3)-COLUMN($N$3))>='KALENDER MINGGU'!$B$14)*(($I13+COLUMN($N$3:$DU$3)-COLUMN($N$3))<='KALENDER MINGGU'!$C$14)*(N13:DU13))/F13*H13 -> 0 | EE13: =SUMPRODUCT((($I13+COLUMN($N$3:$DU$3)-COLUMN($N$3))>='KALENDER MINGGU'!$B$15)*(($I13+COLUMN($N$3:$DU$3)-COLUMN($N$3))<='KALENDER MINGGU'!$C$15)*(N13:DU13))/F13*H13 -> 0 | EF13: =SUMPRODUCT((($I13+COLUMN($N$3:$DU$3)-COLUMN($N$3))>='KALENDER MINGGU'!$B$16)*(($I13+COLUMN($N$3:$DU$3)-COLUMN($N$3))<='KALENDER MINGGU'!$C$16)*(N13:DU13))/F13*H13 -> 0 | EG13: =SUMPRODUCT((($I13+COLUMN($N$3:$DU$3)-COLUMN($N$3))>='KALENDER MINGGU'!$B$17)*(($I13+COLUMN($N$3:$DU$3)-COLUMN($N$3))<='KALENDER MINGGU'!$C$17)*(N13:DU13))/F13*H13 -> 0 | EH13: =SUMPRODUCT((($I13+COLUMN($N$3:$DU$3)-COLUMN($N$3))>='KALENDER MINGGU'!$B$18)*(($I13+COLUMN($N$3:$DU$3)-COLUMN($N$3))<='KALENDER MINGGU'!$C$18)*(N13:DU13))/F13*H13 -> 0 | EI13: =SUMPRODUCT((($I13+COLUMN($N$3:$DU$3)-COLUMN($N$3))>='KALENDER MINGGU'!$B$19)*(($I13+COLUMN($N$3:$DU$3)-COLUMN($N$3))<='KALENDER MINGGU'!$C$19)*(N13:DU13))/F13*H13 -> 0 | EJ13: =SUMPRODUCT((($I13+COLUMN($N$3:$DU$3)-COLUMN($N$3))>='KALENDER MINGGU'!$B$20)*(($I13+COLUMN($N$3:$DU$3)-COLUMN($N$3))<='KALENDER MINGGU'!$C$20)*(N13:DU13))/F13*H13 -> 0 | EK13: =SUMPRODUCT((($I13+COLUMN($N$3:$DU$3)-COLUMN($N$3))>='KALENDER MINGGU'!$B$21)*(($I13+COLUMN($N$3:$DU$3)-COLUMN($N$3))<='KALENDER MINGGU'!$C$21)*(N13:DU13))/F13*H13 -> 0
A14: 11 | B14: 20 | C14: =IF(B14<160,'BOBOT PEK'!$B$4,IF(B14<207,'BOBOT PEK'!$B$160,'BOBOT PEK'!$B$207)) -> Pekerjaan Gudang Umum | D14: B | E14: ='BOBOT PEK'!C20 -> Bongkar atap existing | F14: =IF(OR('BOBOT PEK'!E20="",'BOBOT PEK'!E20=0),1,'BOBOT PEK'!E20) -> 196 | G14: =IF('BOBOT PEK'!F20="","ls",'BOBOT PEK'!F20) -> m² | H14: ='BOBOT PEK'!J20 -> 0.12536036 | I14: ='KALENDER MINGGU'!$B$3 -> 46226 | J14: =SUM(N14:DU14) -> 0 | K14: =MAX(F14-J14,0) -> 196 | L14: =MIN(J14/F14,1) -> 0 | M14: =IF(J14>F14,"MELEBIHI VOLUME!","OK") -> OK | DV14: =SUMPRODUCT((($I14+COLUMN($N$3:$DU$3)-COLUMN($N$3))>='KALENDER MINGGU'!$B$6)*(($I14+COLUMN($N$3:$DU$3)-COLUMN($N$3))<='KALENDER MINGGU'!$C$6)*(N14:DU14))/F14*H14 -> 0 | DW14: =SUMPRODUCT((($I14+COLUMN($N$3:$DU$3)-COLUMN($N$3))>='KALENDER MINGGU'!$B$7)*(($I14+COLUMN($N$3:$DU$3)-COLUMN($N$3))<='KALENDER MINGGU'!$C$7)*(N14:DU14))/F14*H14 -> 0 | DX14: =SUMPRODUCT((($I14+COLUMN($N$3:$DU$3)-COLUMN($N$3))>='KALENDER MINGGU'!$B$8)*(($I14+COLUMN($N$3:$DU$3)-COLUMN($N$3))<='KALENDER MINGGU'!$C$8)*(N14:DU14))/F14*H14 -> 0 | DY14: =SUMPRODUCT((($I14+COLUMN($N$3:$DU$3)-COLUMN($N$3))>='KALENDER MINGGU'!$B$9)*(($I14+COLUMN($N$3:$DU$3)-COLUMN($N$3))<='KALENDER MINGGU'!$C$9)*(N14:DU14))/F14*H14 -> 0 | DZ14: =SUMPRODUCT((($I14+COLUMN($N$3:$DU$3)-COLUMN($N$3))>='KALENDER MINGGU'!$B$10)*(($I14+COLUMN($N$3:$DU$3)-COLUMN($N$3))<='KALENDER MINGGU'!$C$10)*(N14:DU14))/F14*H14 -> 0 | EA14: =SUMPRODUCT((($I14+COLUMN($N$3:$DU$3)-COLUMN($N$3))>='KALENDER MINGGU'!$B$11)*(($I14+COLUMN($N$3:$DU$3)-COLUMN($N$3))<='KALENDER MINGGU'!$C$11)*(N14:DU14))/F14*H14 -> 0 | EB14: =SUMPRODUCT((($I14+COLUMN($N$3:$DU$3)-COLUMN($N$3))>='KALENDER MINGGU'!$B$12)*(($I14+COLUMN($N$3:$DU$3)-COLUMN($N$3))<='KALENDER MINGGU'!$C$12)*(N14:DU14))/F14*H14 -> 0 | EC14: =SUMPRODUCT((($I14+COLUMN($N$3:$DU$3)-COLUMN($N$3))>='KALENDER MINGGU'!$B$13)*(($I14+COLUMN($N$3:$DU$3)-COLUMN($N$3))<='KALENDER MINGGU'!$C$13)*(N14:DU14))/F14*H14 -> 0 | ED14: =SUMPRODUCT((($I14+COLUMN($N$3:$DU$3)-COLUMN($N$3))>='KALENDER MINGGU'!$B$14)*(($I14+COLUMN($N$3:$DU$3)-COLUMN($N$3))<='KALENDER MINGGU'!$C$14)*(N14:DU14))/F14*H14 -> 0 | EE14: =SUMPRODUCT((($I14+COLUMN($N$3:$DU$3)-COLUMN($N$3))>='KALENDER MINGGU'!$B$15)*(($I14+COLUMN($N$3:$DU$3)-COLUMN($N$3))<='KALENDER MINGGU'!$C$15)*(N14:DU14))/F14*H14 -> 0 | EF14: =SUMPRODUCT((($I14+COLUMN($N$3:$DU$3)-COLUMN($N$3))>='KALENDER MINGGU'!$B$16)*(($I14+COLUMN($N$3:$DU$3)-COLUMN($N$3))<='KALENDER MINGGU'!$C$16)*(N14:DU14))/F14*H14 -> 0 | EG14: =SUMPRODUCT((($I14+COLUMN($N$3:$DU$3)-COLUMN($N$3))>='KALENDER MINGGU'!$B$17)*(($I14+COLUMN($N$3:$DU$3)-COLUMN($N$3))<='KALENDER MINGGU'!$C$17)*(N14:DU14))/F14*H14 -> 0 | EH14: =SUMPRODUCT((($I14+COLUMN($N$3:$DU$3)-COLUMN($N$3))>='KALENDER MINGGU'!$B$18)*(($I14+COLUMN($N$3:$DU$3)-COLUMN($N$3))<='KALENDER MINGGU'!$C$18)*(N14:DU14))/F14*H14 -> 0 | EI14: =SUMPRODUCT((($I14+COLUMN($N$3:$DU$3)-COLUMN($N$3))>='KALENDER MINGGU'!$B$19)*(($I14+COLUMN($N$3:$DU$3)-COLUMN($N$3))<='KALENDER MINGGU'!$C$19)*(N14:DU14))/F14*H14 -> 0 | EJ14: =SUMPRODUCT((($I14+COLUMN($N$3:$DU$3)-COLUMN($N$3))>='KALENDER MINGGU'!$B$20)*(($I14+COLUMN($N$3:$DU$3)-COLUMN($N$3))<='KALENDER MINGGU'!$C$20)*(N14:DU14))/F14*H14 -> 0 | EK14: =SUMPRODUCT((($I14+COLUMN($N$3:$DU$3)-COLUMN($N$3))>='KALENDER MINGGU'!$B$21)*(($I14+COLUMN($N$3:$DU$3)-COLUMN($N$3))<='KALENDER MINGGU'!$C$21)*(N14:DU14))/F14*H14 -> 0
A15: 12 | B15: 21 | C15: =IF(B15<160,'BOBOT PEK'!$B$4,IF(B15<207,'BOBOT PEK'!$B$160,'BOBOT PEK'!$B$207)) -> Pekerjaan Gudang Umum | D15: B | E15: ='BOBOT PEK'!C21 -> Pasang atap fiber bening | F15: =IF(OR('BOBOT PEK'!E21="",'BOBOT PEK'!E21=0),1,'BOBOT PEK'!E21) -> 196 | G15: =IF('BOBOT PEK'!F21="","ls",'BOBOT PEK'!F21) -> m² | H15: ='BOBOT PEK'!J21 -> 0.71706124 | I15: ='KALENDER MINGGU'!$B$3 -> 46226 | J15: =SUM(N15:DU15) -> 0 | K15: =MAX(F15-J15,0) -> 196 | L15: =MIN(J15/F15,1) -> 0 | M15: =IF(J15>F15,"MELEBIHI VOLUME!","OK") -> OK | DV15: =SUMPRODUCT((($I15+COLUMN($N$3:$DU$3)-COLUMN($N$3))>='KALENDER MINGGU'!$B$6)*(($I15+COLUMN($N$3:$DU$3)-COLUMN($N$3))<='KALENDER MINGGU'!$C$6)*(N15:DU15))/F15*H15 -> 0 | DW15: =SUMPRODUCT((($I15+COLUMN($N$3:$DU$3)-COLUMN($N$3))>='KALENDER MINGGU'!$B$7)*(($I15+COLUMN($N$3:$DU$3)-COLUMN($N$3))<='KALENDER MINGGU'!$C$7)*(N15:DU15))/F15*H15 -> 0 | DX15: =SUMPRODUCT((($I15+COLUMN($N$3:$DU$3)-COLUMN($N$3))>='KALENDER MINGGU'!$B$8)*(($I15+COLUMN($N$3:$DU$3)-COLUMN($N$3))<='KALENDER MINGGU'!$C$8)*(N15:DU15))/F15*H15 -> 0 | DY15: =SUMPRODUCT((($I15+COLUMN($N$3:$DU$3)-COLUMN($N$3))>='KALENDER MINGGU'!$B$9)*(($I15+COLUMN($N$3:$DU$3)-COLUMN($N$3))<='KALENDER MINGGU'!$C$9)*(N15:DU15))/F15*H15 -> 0 | DZ15: =SUMPRODUCT((($I15+COLUMN($N$3:$DU$3)-COLUMN($N$3))>='KALENDER MINGGU'!$B$10)*(($I15+COLUMN($N$3:$DU$3)-COLUMN($N$3))<='KALENDER MINGGU'!$C$10)*(N15:DU15))/F15*H15 -> 0 | EA15: =SUMPRODUCT((($I15+COLUMN($N$3:$DU$3)-COLUMN($N$3))>='KALENDER MINGGU'!$B$11)*(($I15+COLUMN($N$3:$DU$3)-COLUMN($N$3))<='KALENDER MINGGU'!$C$11)*(N15:DU15))/F15*H15 -> 0 | EB15: =SUMPRODUCT((($I15+COLUMN($N$3:$DU$3)-COLUMN($N$3))>='KALENDER MINGGU'!$B$12)*(($I15+COLUMN($N$3:$DU$3)-COLUMN($N$3))<='KALENDER MINGGU'!$C$12)*(N15:DU15))/F15*H15 -> 0 | EC15: =SUMPRODUCT((($I15+COLUMN($N$3:$DU$3)-COLUMN($N$3))>='KALENDER MINGGU'!$B$13)*(($I15+COLUMN($N$3:$DU$3)-COLUMN($N$3))<='KALENDER MINGGU'!$C$13)*(N15:DU15))/F15*H15 -> 0 | ED15: =SUMPRODUCT((($I15+COLUMN($N$3:$DU$3)-COLUMN($N$3))>='KALENDER MINGGU'!$B$14)*(($I15+COLUMN($N$3:$DU$3)-COLUMN($N$3))<='KALENDER MINGGU'!$C$14)*(N15:DU15))/F15*H15 -> 0 | EE15: =SUMPRODUCT((($I15+COLUMN($N$3:$DU$3)-COLUMN($N$3))>='KALENDER MINGGU'!$B$15)*(($I15+COLUMN($N$3:$DU$3)-COLUMN($N$3))<='KALENDER MINGGU'!$C$15)*(N15:DU15))/F15*H15 -> 0 | EF15: =SUMPRODUCT((($I15+COLUMN($N$3:$DU$3)-COLUMN($N$3))>='KALENDER MINGGU'!$B$16)*(($I15+COLUMN($N$3:$DU$3)-COLUMN($N$3))<='KALENDER MINGGU'!$C$16)*(N15:DU15))/F15*H15 -> 0 | EG15: =SUMPRODUCT((($I15+COLUMN($N$3:$DU$3)-COLUMN($N$3))>='KALENDER MINGGU'!$B$17)*(($I15+COLUMN($N$3:$DU$3)-COLUMN($N$3))<='KALENDER MINGGU'!$C$17)*(N15:DU15))/F15*H15 -> 0 | EH15: =SUMPRODUCT((($I15+COLUMN($N$3:$DU$3)-COLUMN($N$3))>='KALENDER MINGGU'!$B$18)*(($I15+COLUMN($N$3:$DU$3)-COLUMN($N$3))<='KALENDER MINGGU'!$C$18)*(N15:DU15))/F15*H15 -> 0 | EI15: =SUMPRODUCT((($I15+COLUMN($N$3:$DU$3)-COLUMN($N$3))>='KALENDER MINGGU'!$B$19)*(($I15+COLUMN($N$3:$DU$3)-COLUMN($N$3))<='KALENDER MINGGU'!$C$19)*(N15:DU15))/F15*H15 -> 0 | EJ15: =SUMPRODUCT((($I15+COLUMN($N$3:$DU$3)-COLUMN($N$3))>='KALENDER MINGGU'!$B$20)*(($I15+COLUMN($N$3:$DU$3)-COLUMN($N$3))<='KALENDER MINGGU'!$C$20)*(N15:DU15))/F15*H15 -> 0 | EK15: =SUMPRODUCT((($I15+COLUMN($N$3:$DU$3)-COLUMN($N$3))>='KALENDER MINGGU'!$B$21)*(($I15+COLUMN($N$3:$DU$3)-COLUMN($N$3))<='KALENDER MINGGU'!$C$21)*(N15:DU15))/F15*H15 -> 0
A16: 13 | B16: 22 | C16: =IF(B16<160,'BOBOT PEK'!$B$4,IF(B16<207,'BOBOT PEK'!$B$160,'BOBOT PEK'!$B$207)) -> Pekerjaan Gudang Umum | D16: B | E16: ='BOBOT PEK'!C22 -> pekerjaan refinishing kanopi loading dock | F16: =IF(OR('BOBOT PEK'!E22="",'BOBOT PEK'!E22=0),1,'BOBOT PEK'!E22) -> 290 | G16: =IF('BOBOT PEK'!F22="","ls",'BOBOT PEK'!F22) -> m² | H16: ='BOBOT PEK'!J22 -> 0.63063935 | I16: ='KALENDER MINGGU'!$B$3 -> 46226 | J16: =SUM(N16:DU16) -> 145 | K16: =MAX(F16-J16,0) -> 145 | L16: =MIN(J16/F16,1) -> 0.5 | M16: =IF(J16>F16,"MELEBIHI VOLUME!","OK") -> OK | BT16: 5 | BW16: 20 | BX16: 20 | BY16: 20 | BZ16: 20 | CA16: 20 | CB16: 20 | CC16: 20 | DV16: =SUMPRODUCT((($I16+COLUMN($N$3:$DU$3)-COLUMN($N$3))>='KALENDER MINGGU'!$B$6)*(($I16+COLUMN($N$3:$DU$3)-COLUMN($N$3))<='KALENDER MINGGU'!$C$6)*(N16:DU16))/F16*H16 -> 0 | DW16: =SUMPRODUCT((($I16+COLUMN($N$3:$DU$3)-COLUMN($N$3))>='KALENDER MINGGU'!$B$7)*(($I16+COLUMN($N$3:$DU$3)-COLUMN($N$3))<='KALENDER MINGGU'!$C$7)*(N16:DU16))/F16*H16 -> 0 | DX16: =SUMPRODUCT((($I16+COLUMN($N$3:$DU$3)-COLUMN($N$3))>='KALENDER MINGGU'!$B$8)*(($I16+COLUMN($N$3:$DU$3)-COLUMN($N$3))<='KALENDER MINGGU'!$C$8)*(N16:DU16))/F16*H16 -> 0 | DY16: =SUMPRODUCT((($I16+COLUMN($N$3:$DU$3)-COLUMN($N$3))>='KALENDER MINGGU'!$B$9)*(($I16+COLUMN($N$3:$DU$3)-COLUMN($N$3))<='KALENDER MINGGU'!$C$9)*(N16:DU16))/F16*H16 -> 0 | DZ16: =SUMPRODUCT((($I16+COLUMN($N$3:$DU$3)-COLUMN($N$3))>='KALENDER MINGGU'!$B$10)*(($I16+COLUMN($N$3:$DU$3)-COLUMN($N$3))<='KALENDER MINGGU'!$C$10)*(N16:DU16))/F16*H16 -> 0 | EA16: =SUMPRODUCT((($I16+COLUMN($N$3:$DU$3)-COLUMN($N$3))>='KALENDER MINGGU'!$B$11)*(($I16+COLUMN($N$3:$DU$3)-COLUMN($N$3))<='KALENDER MINGGU'!$C$11)*(N16:DU16))/F16*H16 -> 0 | EB16: =SUMPRODUCT((($I16+COLUMN($N$3:$DU$3)-COLUMN($N$3))>='KALENDER MINGGU'!$B$12)*(($I16+COLUMN($N$3:$DU$3)-COLUMN($N$3))<='KALENDER MINGGU'!$C$12)*(N16:DU16))/F16*H16 -> 0 | EC16: =SUMPRODUCT((($I16+COLUMN($N$3:$DU$3)-COLUMN($N$3))>='KALENDER MINGGU'!$B$13)*(($I16+COLUMN($N$3:$DU$3)-COLUMN($N$3))<='KALENDER MINGGU'!$C$13)*(N16:DU16))/F16*H16 -> 0 | ED16: =SUMPRODUCT((($I16+COLUMN($N$3:$DU$3)-COLUMN($N$3))>='KALENDER MINGGU'!$B$14)*(($I16+COLUMN($N$3:$DU$3)-COLUMN($N$3))<='KALENDER MINGGU'!$C$14)*(N16:DU16))/F16*H16 -> 0.09785783 | EE16: =SUMPRODUCT((($I16+COLUMN($N$3:$DU$3)-COLUMN($N$3))>='KALENDER MINGGU'!$B$15)*(($I16+COLUMN($N$3:$DU$3)-COLUMN($N$3))<='KALENDER MINGGU'!$C$15)*(N16:DU16))/F16*H16 -> 0.21746184 | EF16: =SUMPRODUCT((($I16+COLUMN($N$3:$DU$3)-COLUMN($N$3))>='KALENDER MINGGU'!$B$16)*(($I16+COLUMN($N$3:$DU$3)-COLUMN($N$3))<='KALENDER MINGGU'!$C$16)*(N16:DU16))/F16*H16 -> 0 | EG16: =SUMPRODUCT((($I16+COLUMN($N$3:$DU$3)-COLUMN($N$3))>='KALENDER MINGGU'!$B$17)*(($I16+COLUMN($N$3:$DU$3)-COLUMN($N$3))<='KALENDER MINGGU'!$C$17)*(N16:DU16))/F16*H16 -> 0 | EH16: =SUMPRODUCT((($I16+COLUMN($N$3:$DU$3)-COLUMN($N$3))>='KALENDER MINGGU'!$B$18)*(($I16+COLUMN($N$3:$DU$3)-COLUMN($N$3))<='KALENDER MINGGU'!$C$18)*(N16:DU16))/F16*H16 -> 0 | EI16: =SUMPRODUCT((($I16+COLUMN($N$3:$DU$3)-COLUMN($N$3))>='KALENDER MINGGU'!$B$19)*(($I16+COLUMN($N$3:$DU$3)-COLUMN($N$3))<='KALENDER MINGGU'!$C$19)*(N16:DU16))/F16*H16 -> 0 | EJ16: =SUMPRODUCT((($I16+COLUMN($N$3:$DU$3)-COLUMN($N$3))>='KALENDER MINGGU'!$B$20)*(($I16+COLUMN($N$3:$DU$3)-COLUMN($N$3))<='KALENDER MINGGU'!$C$20)*(N16:DU16))/F16*H16 -> 0 | EK16: =SUMPRODUCT((($I16+COLUMN($N$3:$DU$3)-COLUMN($N$3))>='KALENDER MINGGU'!$B$21)*(($I16+COLUMN($N$3:$DU$3)-COLUMN($N$3))<='KALENDER MINGGU'!$C$21)*(N16:DU16))/F16*H16 -> 0
A17: 14 | B17: 23 | C17: =IF(B17<160,'BOBOT PEK'!$B$4,IF(B17<207,'BOBOT PEK'!$B$160,'BOBOT PEK'!$B$207)) -> Pekerjaan Gudang Umum | D17: B | E17: ='BOBOT PEK'!C23 -> Perbaikan loading dock | F17: =IF(OR('BOBOT PEK'!E23="",'BOBOT PEK'!E23=0),1,'BOBOT PEK'!E23) -> 45 | G17: =IF('BOBOT PEK'!F23="","ls",'BOBOT PEK'!F23) -> m | H17: ='BOBOT PEK'!J23 -> 0.39661203 | I17: ='KALENDER MINGGU'!$B$3 -> 46226 | J17: =SUM(N17:DU17) -> 40 | K17: =MAX(F17-J17,0) -> 5 | L17: =MIN(J17/F17,1) -> 0.88888889 | M17: =IF(J17>F17,"MELEBIHI VOLUME!","OK") -> OK | BT17: 20 | BY17: 10 | BZ17: 10 | DV17: =SUMPRODUCT((($I17+COLUMN($N$3:$DU$3)-COLUMN($N$3))>='KALENDER MINGGU'!$B$6)*(($I17+COLUMN($N$3:$DU$3)-COLUMN($N$3))<='KALENDER MINGGU'!$C$6)*(N17:DU17))/F17*H17 -> 0 | DW17: =SUMPRODUCT((($I17+COLUMN($N$3:$DU$3)-COLUMN($N$3))>='KALENDER MINGGU'!$B$7)*(($I17+COLUMN($N$3:$DU$3)-COLUMN($N$3))<='KALENDER MINGGU'!$C$7)*(N17:DU17))/F17*H17 -> 0 | DX17: =SUMPRODUCT((($I17+COLUMN($N$3:$DU$3)-COLUMN($N$3))>='KALENDER MINGGU'!$B$8)*(($I17+COLUMN($N$3:$DU$3)-COLUMN($N$3))<='KALENDER MINGGU'!$C$8)*(N17:DU17))/F17*H17 -> 0 | DY17: =SUMPRODUCT((($I17+COLUMN($N$3:$DU$3)-COLUMN($N$3))>='KALENDER MINGGU'!$B$9)*(($I17+COLUMN($N$3:$DU$3)-COLUMN($N$3))<='KALENDER MINGGU'!$C$9)*(N17:DU17))/F17*H17 -> 0 | DZ17: =SUMPRODUCT((($I17+COLUMN($N$3:$DU$3)-COLUMN($N$3))>='KALENDER MINGGU'!$B$10)*(($I17+COLUMN($N$3:$DU$3)-COLUMN($N$3))<='KALENDER MINGGU'!$C$10)*(N17:DU17))/F17*H17 -> 0 | EA17: =SUMPRODUCT((($I17+COLUMN($N$3:$DU$3)-COLUMN($N$3))>='KALENDER MINGGU'!$B$11)*(($I17+COLUMN($N$3:$DU$3)-COLUMN($N$3))<='KALENDER MINGGU'!$C$11)*(N17:DU17))/F17*H17 -> 0 | EB17: =SUMPRODUCT((($I17+COLUMN($N$3:$DU$3)-COLUMN($N$3))>='KALENDER MINGGU'!$B$12)*(($I17+COLUMN($N$3:$DU$3)-COLUMN($N$3))<='KALENDER MINGGU'!$C$12)*(N17:DU17))/F17*H17 -> 0 | EC17: =SUMPRODUCT((($I17+COLUMN($N$3:$DU$3)-COLUMN($N$3))>='KALENDER MINGGU'!$B$13)*(($I17+COLUMN($N$3:$DU$3)-COLUMN($N$3))<='KALENDER MINGGU'!$C$13)*(N17:DU17))/F17*H17 -> 0 | ED17: =SUMPRODUCT((($I17+COLUMN($N$3:$DU$3)-COLUMN($N$3))>='KALENDER MINGGU'!$B$14)*(($I17+COLUMN($N$3:$DU$3)-COLUMN($N$3))<='KALENDER MINGGU'!$C$14)*(N17:DU17))/F17*H17 -> 0.17627201 | EE17: =SUMPRODUCT((($I17+COLUMN($N$3:$DU$3)-COLUMN($N$3))>='KALENDER MINGGU'!$B$15)*(($I17+COLUMN($N$3:$DU$3)-COLUMN($N$3))<='KALENDER MINGGU'!$C$15)*(N17:DU17))/F17*H17 -> 0.17627201 | EF17: =SUMPRODUCT((($I17+COLUMN($N$3:$DU$3)-COLUMN($N$3))>='KALENDER MINGGU'!$B$16)*(($I17+COLUMN($N$3:$DU$3)-COLUMN($N$3))<='KALENDER MINGGU'!$C$16)*(N17:DU17))/F17*H17 -> 0 | EG17: =SUMPRODUCT((($I17+COLUMN($N$3:$DU$3)-COLUMN($N$3))>='KALENDER MINGGU'!$B$17)*(($I17+COLUMN($N$3:$DU$3)-COLUMN($N$3))<='KALENDER MINGGU'!$C$17)*(N17:DU17))/F17*H17 -> 0 | EH17: =SUMPRODUCT((($I17+COLUMN($N$3:$DU$3)-COLUMN($N$3))>='KALENDER MINGGU'!$B$18)*(($I17+COLUMN($N$3:$DU$3)-COLUMN($N$3))<='KALENDER MINGGU'!$C$18)*(N17:DU17))/F17*H17 -> 0 | EI17: =SUMPRODUCT((($I17+COLUMN($N$3:$DU$3)-COLUMN($N$3))>='KALENDER MINGGU'!$B$19)*(($I17+COLUMN($N$3:$DU$3)-COLUMN($N$3))<='KALENDER MINGGU'!$C$19)*(N17:DU17))/F17*H17 -> 0 | EJ17: =SUMPRODUCT((($I17+COLUMN($N$3:$DU$3)-COLUMN($N$3))>='KALENDER MINGGU'!$B$20)*(($I17+COLUMN($N$3:$DU$3)-COLUMN($N$3))<='KALENDER MINGGU'!$C$20)*(N17:DU17))/F17*H17 -> 0 | EK17: =SUMPRODUCT((($I17+COLUMN($N$3:$DU$3)-COLUMN($N$3))>='KALENDER MINGGU'!$B$21)*(($I17+COLUMN($N$3:$DU$3)-COLUMN($N$3))<='KALENDER MINGGU'!$C$21)*(N17:DU17))/F17*H17 -> 0
A18: 15 | B18: 24 | C18: =IF(B18<160,'BOBOT PEK'!$B$4,IF(B18<207,'BOBOT PEK'!$B$160,'BOBOT PEK'!$B$207)) -> Pekerjaan Gudang Umum | D18: B | E18: ='BOBOT PEK'!C24 -> Perbaikan dinding dan cat dinding loading dock | F18: =IF(OR('BOBOT PEK'!E24="",'BOBOT PEK'!E24=0),1,'BOBOT PEK'!E24) -> 37 | G18: =IF('BOBOT PEK'!F24="","ls",'BOBOT PEK'!F24) -> m | H18: ='BOBOT PEK'!J24 -> 0.05442942 | I18: ='KALENDER MINGGU'!$B$3 -> 46226 | J18: =SUM(N18:DU18) -> 20 | K18: =MAX(F18-J18,0) -> 17 | L18: =MIN(J18/F18,1) -> 0.54054054 | M18: =IF(J18>F18,"MELEBIHI VOLUME!","OK") -> OK | CA18: 10 | CB18: 10 | DV18: =SUMPRODUCT((($I18+COLUMN($N$3:$DU$3)-COLUMN($N$3))>='KALENDER MINGGU'!$B$6)*(($I18+COLUMN($N$3:$DU$3)-COLUMN($N$3))<='KALENDER MINGGU'!$C$6)*(N18:DU18))/F18*H18 -> 0 | DW18: =SUMPRODUCT((($I18+COLUMN($N$3:$DU$3)-COLUMN($N$3))>='KALENDER MINGGU'!$B$7)*(($I18+COLUMN($N$3:$DU$3)-COLUMN($N$3))<='KALENDER MINGGU'!$C$7)*(N18:DU18))/F18*H18 -> 0 | DX18: =SUMPRODUCT((($I18+COLUMN($N$3:$DU$3)-COLUMN($N$3))>='KALENDER MINGGU'!$B$8)*(($I18+COLUMN($N$3:$DU$3)-COLUMN($N$3))<='KALENDER MINGGU'!$C$8)*(N18:DU18))/F18*H18 -> 0 | DY18: =SUMPRODUCT((($I18+COLUMN($N$3:$DU$3)-COLUMN($N$3))>='KALENDER MINGGU'!$B$9)*(($I18+COLUMN($N$3:$DU$3)-COLUMN($N$3))<='KALENDER MINGGU'!$C$9)*(N18:DU18))/F18*H18 -> 0 | DZ18: =SUMPRODUCT((($I18+COLUMN($N$3:$DU$3)-COLUMN($N$3))>='KALENDER MINGGU'!$B$10)*(($I18+COLUMN($N$3:$DU$3)-COLUMN($N$3))<='KALENDER MINGGU'!$C$10)*(N18:DU18))/F18*H18 -> 0 | EA18: =SUMPRODUCT((($I18+COLUMN($N$3:$DU$3)-COLUMN($N$3))>='KALENDER MINGGU'!$B$11)*(($I18+COLUMN($N$3:$DU$3)-COLUMN($N$3))<='KALENDER MINGGU'!$C$11)*(N18:DU18))/F18*H18 -> 0 | EB18: =SUMPRODUCT((($I18+COLUMN($N$3:$DU$3)-COLUMN($N$3))>='KALENDER MINGGU'!$B$12)*(($I18+COLUMN($N$3:$DU$3)-COLUMN($N$3))<='KALENDER MINGGU'!$C$12)*(N18:DU18))/F18*H18 -> 0 | EC18: =SUMPRODUCT((($I18+COLUMN($N$3:$DU$3)-COLUMN($N$3))>='KALENDER MINGGU'!$B$13)*(($I18+COLUMN($N$3:$DU$3)-COLUMN($N$3))<='KALENDER MINGGU'!$C$13)*(N18:DU18))/F18*H18 -> 0 | ED18: =SUMPRODUCT((($I18+COLUMN($N$3:$DU$3)-COLUMN($N$3))>='KALENDER MINGGU'!$B$14)*(($I18+COLUMN($N$3:$DU$3)-COLUMN($N$3))<='KALENDER MINGGU'!$C$14)*(N18:DU18))/F18*H18 -> 0 | EE18: =SUMPRODUCT((($I18+COLUMN($N$3:$DU$3)-COLUMN($N$3))>='KALENDER MINGGU'!$B$15)*(($I18+COLUMN($N$3:$DU$3)-COLUMN($N$3))<='KALENDER MINGGU'!$C$15)*(N18:DU18))/F18*H18 -> 0.029421308 | EF18: =SUMPRODUCT((($I18+COLUMN($N$3:$DU$3)-COLUMN($N$3))>='KALENDER MINGGU'!$B$16)*(($I18+COLUMN($N$3:$DU$3)-COLUMN($N$3))<='KALENDER MINGGU'!$C$16)*(N18:DU18))/F18*H18 -> 0 | EG18: =SUMPRODUCT((($I18+COLUMN($N$3:$DU$3)-COLUMN($N$3))>='KALENDER MINGGU'!$B$17)*(($I18+COLUMN($N$3:$DU$3)-COLUMN($N$3))<='KALENDER MINGGU'!$C$17)*(N18:DU18))/F18*H18 -> 0 | EH18: =SUMPRODUCT((($I18+COLUMN($N$3:$DU$3)-COLUMN($N$3))>='KALENDER MINGGU'!$B$18)*(($I18+COLUMN($N$3:$DU$3)-COLUMN($N$3))<='KALENDER MINGGU'!$C$18)*(N18:DU18))/F18*H18 -> 0 | EI18: =SUMPRODUCT((($I18+COLUMN($N$3:$DU$3)-COLUMN($N$3))>='KALENDER MINGGU'!$B$19)*(($I18+COLUMN($N$3:$DU$3)-COLUMN($N$3))<='KALENDER MINGGU'!$C$19)*(N18:DU18))/F18*H18 -> 0 | EJ18: =SUMPRODUCT((($I18+COLUMN($N$3:$DU$3)-COLUMN($N$3))>='KALENDER MINGGU'!$B$20)*(($I18+COLUMN($N$3:$DU$3)-COLUMN($N$3))<='KALENDER MINGGU'!$C$20)*(N18:DU18))/F18*H18 -> 0 | EK18: =SUMPRODUCT((($I18+COLUMN($N$3:$DU$3)-COLUMN($N$3))>='KALENDER MINGGU'!$B$21)*(($I18+COLUMN($N$3:$DU$3)-COLUMN($N$3))<='KALENDER MINGGU'!$C$21)*(N18:DU18))/F18*H18 -> 0
A19: 16 | B19: 25 | C19: =IF(B19<160,'BOBOT PEK'!$B$4,IF(B19<207,'BOBOT PEK'!$B$160,'BOBOT PEK'!$B$207)) -> Pekerjaan Gudang Umum | D19: B | E19: ='BOBOT PEK'!C25 -> Servis kebocoran pipa talang | F19: =IF(OR('BOBOT PEK'!E25="",'BOBOT PEK'!E25=0),1,'BOBOT PEK'!E25) -> 1 | G19: =IF('BOBOT PEK'!F25="","ls",'BOBOT PEK'!F25) -> ls | H19: ='BOBOT PEK'!J25 -> 0.13303548 | I19: ='KALENDER MINGGU'!$B$3 -> 46226 | J19: =SUM(N19:DU19) -> 0 | K19: =MAX(F19-J19,0) -> 1 | L19: =MIN(J19/F19,1) -> 0 | M19: =IF(J19>F19,"MELEBIHI VOLUME!","OK") -> OK | DV19: =SUMPRODUCT((($I19+COLUMN($N$3:$DU$3)-COLUMN($N$3))>='KALENDER MINGGU'!$B$6)*(($I19+COLUMN($N$3:$DU$3)-COLUMN($N$3))<='KALENDER MINGGU'!$C$6)*(N19:DU19))/F19*H19 -> 0 | DW19: =SUMPRODUCT((($I19+COLUMN($N$3:$DU$3)-COLUMN($N$3))>='KALENDER MINGGU'!$B$7)*(($I19+COLUMN($N$3:$DU$3)-COLUMN($N$3))<='KALENDER MINGGU'!$C$7)*(N19:DU19))/F19*H19 -> 0 | DX19: =SUMPRODUCT((($I19+COLUMN($N$3:$DU$3)-COLUMN($N$3))>='KALENDER MINGGU'!$B$8)*(($I19+COLUMN($N$3:$DU$3)-COLUMN($N$3))<='KALENDER MINGGU'!$C$8)*(N19:DU19))/F19*H19 -> 0 | DY19: =SUMPRODUCT((($I19+COLUMN($N$3:$DU$3)-COLUMN($N$3))>='KALENDER MINGGU'!$B$9)*(($I19+COLUMN($N$3:$DU$3)-COLUMN($N$3))<='KALENDER MINGGU'!$C$9)*(N19:DU19))/F19*H19 -> 0 | DZ19: =SUMPRODUCT((($I19+COLUMN($N$3:$DU$3)-COLUMN($N$3))>='KALENDER MINGGU'!$B$10)*(($I19+COLUMN($N$3:$DU$3)-COLUMN($N$3))<='KALENDER MINGGU'!$C$10)*(N19:DU19))/F19*H19 -> 0 | EA19: =SUMPRODUCT((($I19+COLUMN($N$3:$DU$3)-COLUMN($N$3))>='KALENDER MINGGU'!$B$11)*(($I19+COLUMN($N$3:$DU$3)-COLUMN($N$3))<='KALENDER MINGGU'!$C$11)*(N19:DU19))/F19*H19 -> 0 | EB19: =SUMPRODUCT((($I19+COLUMN($N$3:$DU$3)-COLUMN($N$3))>='KALENDER MINGGU'!$B$12)*(($I19+COLUMN($N$3:$DU$3)-COLUMN($N$3))<='KALENDER MINGGU'!$C$12)*(N19:DU19))/F19*H19 -> 0 | EC19: =SUMPRODUCT((($I19+COLUMN($N$3:$DU$3)-COLUMN($N$3))>='KALENDER MINGGU'!$B$13)*(($I19+COLUMN($N$3:$DU$3)-COLUMN($N$3))<='KALENDER MINGGU'!$C$13)*(N19:DU19))/F19*H19 -> 0 | ED19: =SUMPRODUCT((($I19+COLUMN($N$3:$DU$3)-COLUMN($N$3))>='KALENDER MINGGU'!$B$14)*(($I19+COLUMN($N$3:$DU$3)-COLUMN($N$3))<='KALENDER MINGGU'!$C$14)*(N19:DU19))/F19*H19 -> 0 | EE19: =SUMPRODUCT((($I19+COLUMN($N$3:$DU$3)-COLUMN($N$3))>='KALENDER MINGGU'!$B$15)*(($I19+COLUMN($N$3:$DU$3)-COLUMN($N$3))<='KALENDER MINGGU'!$C$15)*(N19:DU19))/F19*H19 -> 0 | EF19: =SUMPRODUCT((($I19+COLUMN($N$3:$DU$3)-COLUMN($N$3))>='KALENDER MINGGU'!$B$16)*(($I19+COLUMN($N$3:$DU$3)-COLUMN($N$3))<='KALENDER MINGGU'!$C$16)*(N19:DU19))/F19*H19 -> 0 | EG19: =SUMPRODUCT((($I19+COLUMN($N$3:$DU$3)-COLUMN($N$3))>='KALENDER MINGGU'!$B$17)*(($I19+COLUMN($N$3:$DU$3)-COLUMN($N$3))<='KALENDER MINGGU'!$C$17)*(N19:DU19))/F19*H19 -> 0 | EH19: =SUMPRODUCT((($I19+COLUMN($N$3:$DU$3)-COLUMN($N$3))>='KALENDER MINGGU'!$B$18)*(($I19+COLUMN($N$3:$DU$3)-COLUMN($N$3))<='KALENDER MINGGU'!$C$18)*(N19:DU19))/F19*H19 -> 0 | EI19: =SUMPRODUCT((($I19+COLUMN($N$3:$DU$3)-COLUMN($N$3))>='KALENDER MINGGU'!$B$19)*(($I19+COLUMN($N$3:$DU$3)-COLUMN($N$3))<='KALENDER MINGGU'!$C$19)*(N19:DU19))/F19*H19 -> 0 | EJ19: =SUMPRODUCT((($I19+COLUMN($N$3:$DU$3)-COLUMN($N$3))>='KALENDER MINGGU'!$B$20)*(($I19+COLUMN($N$3:$DU$3)-COLUMN($N$3))<='KALENDER MINGGU'!$C$20)*(N19:DU19))/F19*H19 -> 0 | EK19: =SUMPRODUCT((($I19+COLUMN($N$3:$DU$3)-COLUMN($N$3))>='KALENDER MINGGU'!$B$21)*(($I19+COLUMN($N$3:$DU$3)-COLUMN($N$3))<='KALENDER MINGGU'!$C$21)*(N19:DU19))/F19*H19 -> 0
